time,channel1,channel2,channel3,channel4,channel5,channel6,channel7,channel8,class,label
6662,-0.00011,-2.00E-05,-7.00E-05,-8.00E-05,-0.00016,-0.00018,-0.00036,-1.00E-05,2,1
6663,0.00014,1.00E-05,0.00021,0.00016,0.00012,-0.00025,-0.00021,6.00E-05,2,1
6664,0.00014,1.00E-05,0.00021,0.00016,0.00012,-0.00025,-0.00021,6.00E-05,2,1
6665,0.00014,1.00E-05,0.00021,0.00016,0.00012,-0.00025,-0.00021,6.00E-05,2,1
6666,0.00014,1.00E-05,0.00021,0.00016,0.00012,-0.00025,-0.00021,6.00E-05,2,1
6667,0.00014,1.00E-05,0.00021,0.00016,0.00012,-0.00025,-0.00021,6.00E-05,2,1
6668,0.00014,1.00E-05,0.00021,0.00016,0.00012,-0.00025,-0.00021,6.00E-05,2,1
6669,0.00014,1.00E-05,0.00021,0.00016,0.00012,-0.00025,-0.00021,6.00E-05,2,1
6670,0.00014,-0.00014,-0.00043,-0.00014,0.00014,2.00E-05,-0.00021,0.00013,2,1
6671,0.00014,-0.00014,-0.00043,-0.00014,0.00014,2.00E-05,-0.00021,0.00013,2,1
6672,0.00014,-0.00014,-0.00043,-0.00014,0.00014,2.00E-05,-0.00021,0.00013,2,1
6673,0.00014,-0.00014,-0.00043,-0.00014,0.00014,2.00E-05,-0.00021,0.00013,2,1
6674,0.00014,-0.00014,-0.00043,-0.00014,0.00014,2.00E-05,-0.00021,0.00013,2,1
6675,0.00014,-0.00014,-0.00043,-0.00014,0.00014,2.00E-05,-0.00021,0.00013,2,1
6676,0.00014,-0.00014,-0.00043,-0.00014,0.00014,2.00E-05,-0.00021,0.00013,2,1
6677,0.00014,-0.00014,-0.00043,-0.00014,0.00014,2.00E-05,-0.00021,0.00013,2,1
6678,0.00014,-0.00014,-0.00043,-0.00014,0.00014,2.00E-05,-0.00021,0.00013,2,1
6679,0.00014,-0.00014,-0.00043,-0.00014,0.00014,2.00E-05,-0.00021,0.00013,2,1
6680,0.00014,-0.00014,-0.00043,-0.00014,0.00014,2.00E-05,-0.00021,0.00013,2,1
6681,0.00014,-0.00014,-0.00043,-0.00014,0.00014,2.00E-05,-0.00021,0.00013,2,1
6682,0.00014,-0.00014,-0.00043,-0.00014,0.00014,2.00E-05,-0.00021,0.00013,2,1
6683,0.00014,-0.00014,-0.00043,-0.00014,0.00014,2.00E-05,-0.00021,0.00013,2,1
6684,0.00014,-0.00014,-0.00043,-0.00014,0.00014,2.00E-05,-0.00021,0.00013,2,1
6685,0.00014,-0.00014,-0.00043,-0.00014,0.00014,2.00E-05,-0.00021,0.00013,2,1
6686,0.00014,-0.00014,-0.00043,-0.00014,0.00014,2.00E-05,-0.00021,0.00013,2,1
6688,0.00014,-0.00014,-0.00043,-0.00014,0.00014,2.00E-05,-0.00021,0.00013,2,1
6689,0.00014,-0.00014,-0.00043,-0.00014,0.00014,2.00E-05,-0.00021,0.00013,2,1
6690,0.00014,-0.00014,-0.00043,-0.00014,0.00014,2.00E-05,-0.00021,0.00013,2,1
6691,0.00014,-0.00014,-0.00043,-0.00014,0.00014,2.00E-05,-0.00021,0.00013,2,1
6692,0.00014,-0.00014,-0.00043,-0.00014,0.00014,2.00E-05,-0.00021,0.00013,2,1
6693,0.00014,-0.00014,-0.00043,-0.00014,0.00014,2.00E-05,-0.00021,0.00013,2,1
6694,0.00014,-0.00014,-0.00043,-0.00014,0.00014,2.00E-05,-0.00021,0.00013,2,1
6695,0.00014,-0.00014,-0.00043,-0.00014,0.00014,2.00E-05,-0.00021,0.00013,2,1
6696,0.00014,-0.00014,-0.00043,-0.00014,0.00014,2.00E-05,-0.00021,0.00013,2,1
6697,0.00014,-0.00014,-0.00043,-0.00014,0.00014,2.00E-05,-0.00021,0.00013,2,1
6698,0.00014,-0.00014,-0.00043,-0.00014,0.00014,2.00E-05,-0.00021,0.00013,2,1
6699,4.00E-05,-1.00E-04,-1.00E-04,-0.00017,-0.00011,0,-0.00027,-1.00E-04,2,1
6700,4.00E-05,-1.00E-04,-1.00E-04,-0.00017,-0.00011,0,-0.00027,-1.00E-04,2,1
6701,4.00E-05,-1.00E-04,-1.00E-04,-0.00017,-0.00011,0,-0.00027,-1.00E-04,2,1
6702,4.00E-05,-1.00E-04,-1.00E-04,-0.00017,-0.00011,0,-0.00027,-1.00E-04,2,1
6703,4.00E-05,-1.00E-04,-1.00E-04,-0.00017,-0.00011,0,-0.00027,-1.00E-04,2,1
6704,4.00E-05,-1.00E-04,-1.00E-04,-0.00017,-0.00011,0,-0.00027,-1.00E-04,2,1
6705,4.00E-05,-1.00E-04,-1.00E-04,-0.00017,-0.00011,0,-0.00027,-1.00E-04,2,1
6706,-0.00023,-8.00E-05,0.00017,1.00E-05,-5.00E-05,-8.00E-05,-0.00015,-5.00E-05,2,1
6707,-0.00023,-8.00E-05,0.00017,1.00E-05,-5.00E-05,-8.00E-05,-0.00015,-5.00E-05,2,1
6708,-0.00023,-8.00E-05,0.00017,1.00E-05,-5.00E-05,-8.00E-05,-0.00015,-5.00E-05,2,1
6709,-0.00023,-8.00E-05,0.00017,1.00E-05,-5.00E-05,-8.00E-05,-0.00015,-5.00E-05,2,1
6710,-0.00023,-8.00E-05,0.00017,1.00E-05,-5.00E-05,-8.00E-05,-0.00015,-5.00E-05,2,1
6711,-0.00023,-8.00E-05,0.00017,1.00E-05,-5.00E-05,-8.00E-05,-0.00015,-5.00E-05,2,1
6712,-0.00023,-8.00E-05,0.00017,1.00E-05,-5.00E-05,-8.00E-05,-0.00015,-5.00E-05,2,1
6713,-0.00023,-8.00E-05,0.00017,1.00E-05,-5.00E-05,-8.00E-05,-0.00015,-5.00E-05,2,1
6714,-0.00023,-8.00E-05,0.00017,1.00E-05,-5.00E-05,-8.00E-05,-0.00015,-5.00E-05,2,1
6715,-0.00023,-8.00E-05,0.00017,1.00E-05,-5.00E-05,-8.00E-05,-0.00015,-5.00E-05,2,1
6716,-0.00023,-8.00E-05,0.00017,1.00E-05,-5.00E-05,-8.00E-05,-0.00015,-5.00E-05,2,1
6717,-0.00023,-8.00E-05,0.00017,1.00E-05,-5.00E-05,-8.00E-05,-0.00015,-5.00E-05,2,1
6718,-0.00023,-8.00E-05,0.00017,1.00E-05,-5.00E-05,-8.00E-05,-0.00015,-5.00E-05,2,1
6719,-0.00023,-8.00E-05,0.00017,1.00E-05,-5.00E-05,-8.00E-05,-0.00015,-5.00E-05,2,1
6720,-0.00023,-8.00E-05,0.00017,1.00E-05,-5.00E-05,-8.00E-05,-0.00015,-5.00E-05,2,1
6721,-0.00023,-8.00E-05,0.00017,1.00E-05,-5.00E-05,-8.00E-05,-0.00015,-5.00E-05,2,1
6722,0.00019,0,8.00E-05,0.00016,2.00E-05,-2.00E-05,4.00E-04,0.00035,2,1
6723,0.00019,0,8.00E-05,0.00016,2.00E-05,-2.00E-05,4.00E-04,0.00035,2,1
6724,-0.00111,-0.00015,0.00015,0.00011,-0.00012,-0.00012,3.00E-05,-2.00E-04,2,1
6725,-0.00111,-0.00015,0.00015,0.00011,-0.00012,-0.00012,3.00E-05,-2.00E-04,2,1
6726,-0.00111,-0.00015,0.00015,0.00011,-0.00012,-0.00012,3.00E-05,-2.00E-04,2,1
6727,-0.00111,-0.00015,0.00015,0.00011,-0.00012,-0.00012,3.00E-05,-2.00E-04,2,1
6728,-0.00111,-0.00015,0.00015,0.00011,-0.00012,-0.00012,3.00E-05,-2.00E-04,2,1
6729,-0.00111,-0.00015,0.00015,0.00011,-0.00012,-0.00012,3.00E-05,-2.00E-04,2,1
6730,-0.00111,-0.00015,0.00015,0.00011,-0.00012,-0.00012,3.00E-05,-2.00E-04,2,1
6731,-0.00111,-0.00015,0.00015,0.00011,-0.00012,-0.00012,3.00E-05,-2.00E-04,2,1
6732,-0.00111,-0.00015,0.00015,0.00011,-0.00012,-0.00012,3.00E-05,-2.00E-04,2,1
6733,-0.00111,-0.00015,0.00015,0.00011,-0.00012,-0.00012,3.00E-05,-2.00E-04,2,1
6734,-0.00111,-0.00015,0.00015,0.00011,-0.00012,-0.00012,3.00E-05,-2.00E-04,2,1
6735,-0.00111,-0.00015,0.00015,0.00011,-0.00012,-0.00012,3.00E-05,-2.00E-04,2,1
6736,-0.00111,-0.00015,0.00015,0.00011,-0.00012,-0.00012,3.00E-05,-2.00E-04,2,1
6739,0.00029,0,3.00E-05,-0.00011,-7.00E-05,-0.00019,0.00064,4.00E-04,2,1
6740,0.00029,0,3.00E-05,-0.00011,-7.00E-05,-0.00019,0.00064,4.00E-04,2,1
6741,0.00029,0,3.00E-05,-0.00011,-7.00E-05,-0.00019,0.00064,4.00E-04,2,1
6742,0.00029,0,3.00E-05,-0.00011,-7.00E-05,-0.00019,0.00064,4.00E-04,2,1
6743,0.00029,0,3.00E-05,-0.00011,-7.00E-05,-0.00019,0.00064,4.00E-04,2,1
6744,0.00029,0,3.00E-05,-0.00011,-7.00E-05,-0.00019,0.00064,4.00E-04,2,1
6745,0.00029,0,3.00E-05,-0.00011,-7.00E-05,-0.00019,0.00064,4.00E-04,2,1
6746,0.00029,0,3.00E-05,-0.00011,-7.00E-05,-0.00019,0.00064,4.00E-04,2,1
6747,0.00029,0,3.00E-05,-0.00011,-7.00E-05,-0.00019,0.00064,4.00E-04,2,1
6748,0.00029,0,3.00E-05,-0.00011,-7.00E-05,-0.00019,0.00064,4.00E-04,2,1
6749,0.00029,0,3.00E-05,-0.00011,-7.00E-05,-0.00019,0.00064,4.00E-04,2,1
6750,0.00029,0,3.00E-05,-0.00011,-7.00E-05,-0.00019,0.00064,4.00E-04,2,1
6751,0.00029,0,3.00E-05,-0.00011,-7.00E-05,-0.00019,0.00064,4.00E-04,2,1
6752,0.00029,0,3.00E-05,-0.00011,-7.00E-05,-0.00019,0.00064,4.00E-04,2,1
6753,0.00029,0,3.00E-05,-0.00011,-7.00E-05,-0.00019,0.00064,4.00E-04,2,1
6754,0.00029,0,3.00E-05,-0.00011,-7.00E-05,-0.00019,0.00064,4.00E-04,2,1
6755,0.00029,0,3.00E-05,-0.00011,-7.00E-05,-0.00019,0.00064,4.00E-04,2,1
6756,0.00029,0,3.00E-05,-0.00011,-7.00E-05,-0.00019,0.00064,4.00E-04,2,1
6757,0.00029,0,3.00E-05,-0.00011,-7.00E-05,-0.00019,0.00064,4.00E-04,2,1
6758,0.00029,0,3.00E-05,-0.00011,-7.00E-05,-0.00019,0.00064,4.00E-04,2,1
6759,0.00029,0,3.00E-05,-0.00011,-7.00E-05,-0.00019,0.00064,4.00E-04,2,1
6760,-0.00015,-4.00E-05,-0.00034,-0.00014,-2.00E-05,0.00043,0.00056,5.00E-05,2,1
6761,0.00015,3.00E-05,-7.00E-05,-2.00E-04,5.00E-05,0.00033,0.00015,-0.00025,2,1
6763,0.00015,3.00E-05,-7.00E-05,-2.00E-04,5.00E-05,0.00033,0.00015,-0.00025,2,1
6764,0.00015,3.00E-05,-7.00E-05,-2.00E-04,5.00E-05,0.00033,0.00015,-0.00025,2,1
6765,0.00015,3.00E-05,-7.00E-05,-2.00E-04,5.00E-05,0.00033,0.00015,-0.00025,2,1
6766,0.00015,3.00E-05,-7.00E-05,-2.00E-04,5.00E-05,0.00033,0.00015,-0.00025,2,1
6767,-6.00E-05,4.00E-05,0.00013,-7.00E-05,-1.00E-04,-7.00E-05,0.00014,6.00E-05,2,1
6769,-6.00E-05,4.00E-05,0.00013,-7.00E-05,-1.00E-04,-7.00E-05,0.00014,6.00E-05,2,1
6770,-6.00E-05,4.00E-05,0.00013,-7.00E-05,-1.00E-04,-7.00E-05,0.00014,6.00E-05,2,1
6771,-6.00E-05,4.00E-05,0.00013,-7.00E-05,-1.00E-04,-7.00E-05,0.00014,6.00E-05,2,1
6772,-6.00E-05,4.00E-05,0.00013,-7.00E-05,-1.00E-04,-7.00E-05,0.00014,6.00E-05,2,1
6773,0.00032,0.00022,0.00021,0.00036,0.00017,0.00061,0.00051,0.00033,2,1
6774,0.00032,0.00022,0.00021,0.00036,0.00017,0.00061,0.00051,0.00033,2,1
6775,0.00032,0.00022,0.00021,0.00036,0.00017,0.00061,0.00051,0.00033,2,1
6776,0.00032,0.00022,0.00021,0.00036,0.00017,0.00061,0.00051,0.00033,2,1
6777,0.00032,0.00022,0.00021,0.00036,0.00017,0.00061,0.00051,0.00033,2,1
6778,0.00032,0.00022,0.00021,0.00036,0.00017,0.00061,0.00051,0.00033,2,1
6779,0.00032,0.00022,0.00021,0.00036,0.00017,0.00061,0.00051,0.00033,2,1
6780,0.00032,0.00022,0.00021,0.00036,0.00017,0.00061,0.00051,0.00033,2,1
6781,0.00032,0.00022,0.00021,0.00036,0.00017,0.00061,0.00051,0.00033,2,1
6782,0.00032,0.00022,0.00021,0.00036,0.00017,0.00061,0.00051,0.00033,2,1
6783,0.00032,0.00022,0.00021,0.00036,0.00017,0.00061,0.00051,0.00033,2,1
6784,0.00032,0.00022,0.00021,0.00036,0.00017,0.00061,0.00051,0.00033,2,1
6785,0.00032,0.00022,0.00021,0.00036,0.00017,0.00061,0.00051,0.00033,2,1
6786,0.00032,0.00022,0.00021,0.00036,0.00017,0.00061,0.00051,0.00033,2,1
6788,0.00032,0.00022,0.00021,0.00036,0.00017,0.00061,0.00051,0.00033,2,1
6789,0.00032,0.00022,0.00021,0.00036,0.00017,0.00061,0.00051,0.00033,2,1
6790,-0.00023,-8.00E-05,-0.00021,-1.00E-05,0.00034,0.00084,1.00E-04,-1.00E-04,2,1
6791,-0.00021,-1.00E-05,1.00E-04,-2.00E-05,-2.00E-05,-0.00035,-7.00E-04,-0.00017,2,1
6792,-0.00021,-1.00E-05,1.00E-04,-2.00E-05,-2.00E-05,-0.00035,-7.00E-04,-0.00017,2,1
6793,-0.00021,-1.00E-05,1.00E-04,-2.00E-05,-2.00E-05,-0.00035,-7.00E-04,-0.00017,2,1
6794,-0.00021,-1.00E-05,1.00E-04,-2.00E-05,-2.00E-05,-0.00035,-7.00E-04,-0.00017,2,1
6795,-0.00021,-1.00E-05,1.00E-04,-2.00E-05,-2.00E-05,-0.00035,-7.00E-04,-0.00017,2,1
6796,-0.00021,-1.00E-05,1.00E-04,-2.00E-05,-2.00E-05,-0.00035,-7.00E-04,-0.00017,2,1
6797,-0.00021,-1.00E-05,1.00E-04,-2.00E-05,-2.00E-05,-0.00035,-7.00E-04,-0.00017,2,1
6798,-0.00021,-1.00E-05,1.00E-04,-2.00E-05,-2.00E-05,-0.00035,-7.00E-04,-0.00017,2,1
6799,-0.00021,-1.00E-05,1.00E-04,-2.00E-05,-2.00E-05,-0.00035,-7.00E-04,-0.00017,2,1
6800,-0.00021,-1.00E-05,1.00E-04,-2.00E-05,-2.00E-05,-0.00035,-7.00E-04,-0.00017,2,1
6801,-0.00021,-1.00E-05,1.00E-04,-2.00E-05,-2.00E-05,-0.00035,-7.00E-04,-0.00017,2,1
6802,-0.00021,-1.00E-05,1.00E-04,-2.00E-05,-2.00E-05,-0.00035,-7.00E-04,-0.00017,2,1
6803,-0.00021,-1.00E-05,1.00E-04,-2.00E-05,-2.00E-05,-0.00035,-7.00E-04,-0.00017,2,1
6804,-0.00021,-1.00E-05,1.00E-04,-2.00E-05,-2.00E-05,-0.00035,-7.00E-04,-0.00017,2,1
6805,-0.00021,-1.00E-05,1.00E-04,-2.00E-05,-2.00E-05,-0.00035,-7.00E-04,-0.00017,2,1
6806,-0.00021,-1.00E-05,1.00E-04,-2.00E-05,-2.00E-05,-0.00035,-7.00E-04,-0.00017,2,1
6807,-0.00021,-1.00E-05,1.00E-04,-2.00E-05,-2.00E-05,-0.00035,-7.00E-04,-0.00017,2,1
6808,-0.00021,-1.00E-05,1.00E-04,-2.00E-05,-2.00E-05,-0.00035,-7.00E-04,-0.00017,2,1
6809,-0.00021,-1.00E-05,1.00E-04,-2.00E-05,-2.00E-05,-0.00035,-7.00E-04,-0.00017,2,1
6810,-0.00021,-1.00E-05,1.00E-04,-2.00E-05,-2.00E-05,-0.00035,-7.00E-04,-0.00017,2,1
6811,-0.00021,-1.00E-05,1.00E-04,-2.00E-05,-2.00E-05,-0.00035,-7.00E-04,-0.00017,2,1
6812,-0.00029,-1.00E-05,0.00015,-5.00E-05,0.00014,-0.00015,8.00E-05,0,2,1
6813,-4.00E-05,2.00E-05,-4.00E-05,-3.00E-05,-0.00015,0.00018,-0.00016,-0.00046,2,1
6814,-4.00E-05,2.00E-05,-4.00E-05,-3.00E-05,-0.00015,0.00018,-0.00016,-0.00046,2,1
6815,-4.00E-05,2.00E-05,-4.00E-05,-3.00E-05,-0.00015,0.00018,-0.00016,-0.00046,2,1
6816,-4.00E-05,2.00E-05,-4.00E-05,-3.00E-05,-0.00015,0.00018,-0.00016,-0.00046,2,1
6817,-4.00E-05,2.00E-05,-4.00E-05,-3.00E-05,-0.00015,0.00018,-0.00016,-0.00046,2,1
6818,-4.00E-05,2.00E-05,-4.00E-05,-3.00E-05,-0.00015,0.00018,-0.00016,-0.00046,2,1
6819,-4.00E-05,2.00E-05,-4.00E-05,-3.00E-05,-0.00015,0.00018,-0.00016,-0.00046,2,1
6820,-4.00E-05,2.00E-05,-4.00E-05,-3.00E-05,-0.00015,0.00018,-0.00016,-0.00046,2,1
6821,-4.00E-05,2.00E-05,-4.00E-05,-3.00E-05,-0.00015,0.00018,-0.00016,-0.00046,2,1
6822,-4.00E-05,2.00E-05,-4.00E-05,-3.00E-05,-0.00015,0.00018,-0.00016,-0.00046,2,1
6823,-4.00E-05,2.00E-05,-4.00E-05,-3.00E-05,-0.00015,0.00018,-0.00016,-0.00046,2,1
6824,-4.00E-05,2.00E-05,-4.00E-05,-3.00E-05,-0.00015,0.00018,-0.00016,-0.00046,2,1
6825,-4.00E-05,2.00E-05,-4.00E-05,-3.00E-05,-0.00015,0.00018,-0.00016,-0.00046,2,1
6826,-4.00E-05,2.00E-05,-4.00E-05,-3.00E-05,-0.00015,0.00018,-0.00016,-0.00046,2,1
6827,-4.00E-05,2.00E-05,-4.00E-05,-3.00E-05,-0.00015,0.00018,-0.00016,-0.00046,2,1
6828,-4.00E-05,2.00E-05,-4.00E-05,-3.00E-05,-0.00015,0.00018,-0.00016,-0.00046,2,1
6829,-4.00E-05,2.00E-05,-4.00E-05,-3.00E-05,-0.00015,0.00018,-0.00016,-0.00046,2,1
6830,-4.00E-05,2.00E-05,-4.00E-05,-3.00E-05,-0.00015,0.00018,-0.00016,-0.00046,2,1
6831,-4.00E-05,2.00E-05,-4.00E-05,-3.00E-05,-0.00015,0.00018,-0.00016,-0.00046,2,1
6832,-4.00E-05,2.00E-05,-4.00E-05,-3.00E-05,-0.00015,0.00018,-0.00016,-0.00046,2,1
6833,-4.00E-05,2.00E-05,-4.00E-05,-3.00E-05,-0.00015,0.00018,-0.00016,-0.00046,2,1
6834,-4.00E-05,2.00E-05,-4.00E-05,-3.00E-05,-0.00015,0.00018,-0.00016,-0.00046,2,1
6835,1.00E-04,-7.00E-05,-0.00021,-0.00029,-0.00024,-0.00043,-0.00022,0.00014,2,1
6836,1.00E-04,-7.00E-05,-0.00021,-0.00029,-0.00024,-0.00043,-0.00022,0.00014,2,1
6838,1.00E-04,-7.00E-05,-0.00021,-0.00029,-0.00024,-0.00043,-0.00022,0.00014,2,1
6839,1.00E-04,-7.00E-05,-0.00021,-0.00029,-0.00024,-0.00043,-0.00022,0.00014,2,1
6840,1.00E-04,-7.00E-05,-0.00021,-0.00029,-0.00024,-0.00043,-0.00022,0.00014,2,1
6841,0.00018,7.00E-05,0.00023,0.00015,4.00E-05,1.00E-05,0.00023,0.00034,2,1
6842,0.00018,7.00E-05,0.00023,0.00015,4.00E-05,1.00E-05,0.00023,0.00034,2,1
6843,0.00018,7.00E-05,0.00023,0.00015,4.00E-05,1.00E-05,0.00023,0.00034,2,1
6844,0.00018,7.00E-05,0.00023,0.00015,4.00E-05,1.00E-05,0.00023,0.00034,2,1
6845,0.00018,7.00E-05,0.00023,0.00015,4.00E-05,1.00E-05,0.00023,0.00034,2,1
6846,0.00018,7.00E-05,0.00023,0.00015,4.00E-05,1.00E-05,0.00023,0.00034,2,1
6847,0.00018,7.00E-05,0.00023,0.00015,4.00E-05,1.00E-05,0.00023,0.00034,2,1
6848,0.00018,7.00E-05,0.00023,0.00015,4.00E-05,1.00E-05,0.00023,0.00034,2,1
6849,0.00014,-1.00E-05,-0.00012,-1.00E-05,0.00013,0.00013,-2.00E-05,0.00021,2,1
6850,0.00014,-1.00E-05,-0.00012,-1.00E-05,0.00013,0.00013,-2.00E-05,0.00021,2,1
6851,0.00014,-1.00E-05,-0.00012,-1.00E-05,0.00013,0.00013,-2.00E-05,0.00021,2,1
6852,0.00014,-1.00E-05,-0.00012,-1.00E-05,0.00013,0.00013,-2.00E-05,0.00021,2,1
6853,0.00014,-1.00E-05,-0.00012,-1.00E-05,0.00013,0.00013,-2.00E-05,0.00021,2,1
6854,0.00014,-1.00E-05,-0.00012,-1.00E-05,0.00013,0.00013,-2.00E-05,0.00021,2,1
6855,0.00014,-1.00E-05,-0.00012,-1.00E-05,0.00013,0.00013,-2.00E-05,0.00021,2,1
6856,0.00014,-1.00E-05,-0.00012,-1.00E-05,0.00013,0.00013,-2.00E-05,0.00021,2,1
6857,0.00014,-1.00E-05,-0.00012,-1.00E-05,0.00013,0.00013,-2.00E-05,0.00021,2,1
6858,0.00014,-1.00E-05,-0.00012,-1.00E-05,0.00013,0.00013,-2.00E-05,0.00021,2,1
6859,0.00014,-1.00E-05,-0.00012,-1.00E-05,0.00013,0.00013,-2.00E-05,0.00021,2,1
6860,0.00014,-1.00E-05,-0.00012,-1.00E-05,0.00013,0.00013,-2.00E-05,0.00021,2,1
6861,0.00014,-1.00E-05,-0.00012,-1.00E-05,0.00013,0.00013,-2.00E-05,0.00021,2,1
6862,0.00014,-1.00E-05,-0.00012,-1.00E-05,0.00013,0.00013,-2.00E-05,0.00021,2,1
6863,0.00014,-1.00E-05,-0.00012,-1.00E-05,0.00013,0.00013,-2.00E-05,0.00021,2,1
6864,0.00014,-1.00E-05,-0.00012,-1.00E-05,0.00013,0.00013,-2.00E-05,0.00021,2,1
6865,-3.00E-05,8.00E-05,0.00012,-4.00E-05,-0.00022,8.00E-05,-1.00E-05,1.00E-05,2,1
6866,-0.00027,-0.00029,-0.00031,0.00012,1.00E-04,-0.00015,-0.00035,-0.00017,2,1
6867,-0.00027,-0.00029,-0.00031,0.00012,1.00E-04,-0.00015,-0.00035,-0.00017,2,1
6868,-0.00027,-0.00029,-0.00031,0.00012,1.00E-04,-0.00015,-0.00035,-0.00017,2,1
6869,-0.00027,-0.00029,-0.00031,0.00012,1.00E-04,-0.00015,-0.00035,-0.00017,2,1
6870,-0.00027,-0.00029,-0.00031,0.00012,1.00E-04,-0.00015,-0.00035,-0.00017,2,1
6871,-0.00027,-0.00029,-0.00031,0.00012,1.00E-04,-0.00015,-0.00035,-0.00017,2,1
6872,-0.00027,-0.00029,-0.00031,0.00012,1.00E-04,-0.00015,-0.00035,-0.00017,2,1
6873,-0.00027,-0.00029,-0.00031,0.00012,1.00E-04,-0.00015,-0.00035,-0.00017,2,1
6874,-0.00027,-0.00029,-0.00031,0.00012,1.00E-04,-0.00015,-0.00035,-0.00017,2,1
6875,-0.00027,-0.00029,-0.00031,0.00012,1.00E-04,-0.00015,-0.00035,-0.00017,2,1
6876,-0.00027,-0.00029,-0.00031,0.00012,1.00E-04,-0.00015,-0.00035,-0.00017,2,1
6877,-0.00027,-0.00029,-0.00031,0.00012,1.00E-04,-0.00015,-0.00035,-0.00017,2,1
6878,-0.00027,-0.00029,-0.00031,0.00012,1.00E-04,-0.00015,-0.00035,-0.00017,2,1
6879,-0.00027,-0.00029,-0.00031,0.00012,1.00E-04,-0.00015,-0.00035,-0.00017,2,1
6880,-0.00027,-0.00029,-0.00031,0.00012,1.00E-04,-0.00015,-0.00035,-0.00017,2,1
6881,-0.00027,-0.00029,-0.00031,0.00012,1.00E-04,-0.00015,-0.00035,-0.00017,2,1
6882,-0.00027,-0.00029,-0.00031,0.00012,1.00E-04,-0.00015,-0.00035,-0.00017,2,1
6883,-0.00027,-0.00029,-0.00031,0.00012,1.00E-04,-0.00015,-0.00035,-0.00017,2,1
6884,-0.00027,-0.00029,-0.00031,0.00012,1.00E-04,-0.00015,-0.00035,-0.00017,2,1
6885,-0.00027,-0.00029,-0.00031,0.00012,1.00E-04,-0.00015,-0.00035,-0.00017,2,1
6886,-0.00027,-0.00029,-0.00031,0.00012,1.00E-04,-0.00015,-0.00035,-0.00017,2,1
6888,0.00017,0.00013,0.00012,-9.00E-05,-9.00E-05,5.00E-05,-1.00E-05,0.00014,2,1
6889,0.00042,0.00017,0.00015,-9.00E-05,-1.00E-04,-2.00E-05,4.00E-05,3.00E-05,2,1
6890,0.00042,0.00017,0.00015,-9.00E-05,-1.00E-04,-2.00E-05,4.00E-05,3.00E-05,2,1
6891,0.00042,0.00017,0.00015,-9.00E-05,-1.00E-04,-2.00E-05,4.00E-05,3.00E-05,2,1
6892,0.00042,0.00017,0.00015,-9.00E-05,-1.00E-04,-2.00E-05,4.00E-05,3.00E-05,2,1
6893,0.00042,0.00017,0.00015,-9.00E-05,-1.00E-04,-2.00E-05,4.00E-05,3.00E-05,2,1
6894,0.00042,0.00017,0.00015,-9.00E-05,-1.00E-04,-2.00E-05,4.00E-05,3.00E-05,2,1
6895,0.00042,0.00017,0.00015,-9.00E-05,-1.00E-04,-2.00E-05,4.00E-05,3.00E-05,2,1
6896,0.00042,0.00017,0.00015,-9.00E-05,-1.00E-04,-2.00E-05,4.00E-05,3.00E-05,2,1
6897,0.00042,0.00017,0.00015,-9.00E-05,-1.00E-04,-2.00E-05,4.00E-05,3.00E-05,2,1
6898,0.00042,0.00017,0.00015,-9.00E-05,-1.00E-04,-2.00E-05,4.00E-05,3.00E-05,2,1
6899,0.00042,0.00017,0.00015,-9.00E-05,-1.00E-04,-2.00E-05,4.00E-05,3.00E-05,2,1
6900,0.00042,0.00017,0.00015,-9.00E-05,-1.00E-04,-2.00E-05,4.00E-05,3.00E-05,2,1
6901,0.00042,0.00017,0.00015,-9.00E-05,-1.00E-04,-2.00E-05,4.00E-05,3.00E-05,2,1
6902,0.00042,0.00017,0.00015,-9.00E-05,-1.00E-04,-2.00E-05,4.00E-05,3.00E-05,2,1
6903,0.00042,0.00017,0.00015,-9.00E-05,-1.00E-04,-2.00E-05,4.00E-05,3.00E-05,2,1
6904,0.00042,0.00017,0.00015,-9.00E-05,-1.00E-04,-2.00E-05,4.00E-05,3.00E-05,2,1
6905,0.00042,0.00017,0.00015,-9.00E-05,-1.00E-04,-2.00E-05,4.00E-05,3.00E-05,2,1
6906,0.00042,0.00017,0.00015,-9.00E-05,-1.00E-04,-2.00E-05,4.00E-05,3.00E-05,2,1
6907,0.00042,0.00017,0.00015,-9.00E-05,-1.00E-04,-2.00E-05,4.00E-05,3.00E-05,2,1
6908,0.00042,0.00017,0.00015,-9.00E-05,-1.00E-04,-2.00E-05,4.00E-05,3.00E-05,2,1
6909,0.00042,0.00017,0.00015,-9.00E-05,-1.00E-04,-2.00E-05,4.00E-05,3.00E-05,2,1
6910,6.00E-05,8.00E-05,5.00E-05,6.00E-05,2.00E-05,0.00036,0.00063,0,2,1
6911,-1.00E-05,0.00014,0.00037,0.00018,-0.00015,3.00E-05,0.00048,0.00018,2,1
6912,-1.00E-05,0.00014,0.00037,0.00018,-0.00015,3.00E-05,0.00048,0.00018,2,1
6913,-1.00E-05,0.00014,0.00037,0.00018,-0.00015,3.00E-05,0.00048,0.00018,2,1
6914,-1.00E-05,0.00014,0.00037,0.00018,-0.00015,3.00E-05,0.00048,0.00018,2,1
6915,-1.00E-05,0.00014,0.00037,0.00018,-0.00015,3.00E-05,0.00048,0.00018,2,1
6916,-1.00E-05,0.00014,0.00037,0.00018,-0.00015,3.00E-05,0.00048,0.00018,2,1
6917,-1.00E-05,0.00014,0.00037,0.00018,-0.00015,3.00E-05,0.00048,0.00018,2,1
6918,-1.00E-05,0.00014,0.00037,0.00018,-0.00015,3.00E-05,0.00048,0.00018,2,1
6919,-1.00E-05,0.00014,0.00037,0.00018,-0.00015,3.00E-05,0.00048,0.00018,2,1
6920,-1.00E-05,0.00014,0.00037,0.00018,-0.00015,3.00E-05,0.00048,0.00018,2,1
6921,-1.00E-05,0.00014,0.00037,0.00018,-0.00015,3.00E-05,0.00048,0.00018,2,1
6922,-1.00E-05,0.00014,0.00037,0.00018,-0.00015,3.00E-05,0.00048,0.00018,2,1
6923,-1.00E-05,0.00014,0.00037,0.00018,-0.00015,3.00E-05,0.00048,0.00018,2,1
6924,-1.00E-05,0.00014,0.00037,0.00018,-0.00015,3.00E-05,0.00048,0.00018,2,1
6925,-0.00041,-0.00015,0.00011,-0.00021,-0.00028,-0.00034,-0.00038,-0.00037,2,1
6926,-0.00014,-1.00E-05,-3.00E-05,5.00E-05,0,-4.00E-05,-7.00E-05,1.00E-05,2,1
6927,-0.00014,-1.00E-05,-3.00E-05,5.00E-05,0,-4.00E-05,-7.00E-05,1.00E-05,2,1
6928,-0.00014,-1.00E-05,-3.00E-05,5.00E-05,0,-4.00E-05,-7.00E-05,1.00E-05,2,1
6929,-0.00014,-1.00E-05,-3.00E-05,5.00E-05,0,-4.00E-05,-7.00E-05,1.00E-05,2,1
6930,-0.00014,-1.00E-05,-3.00E-05,5.00E-05,0,-4.00E-05,-7.00E-05,1.00E-05,2,1
6931,-0.00014,-1.00E-05,-3.00E-05,5.00E-05,0,-4.00E-05,-7.00E-05,1.00E-05,2,1
6932,-0.00014,-1.00E-05,-3.00E-05,5.00E-05,0,-4.00E-05,-7.00E-05,1.00E-05,2,1
6933,-0.00014,-1.00E-05,-3.00E-05,5.00E-05,0,-4.00E-05,-7.00E-05,1.00E-05,2,1
6934,-0.00014,-1.00E-05,-3.00E-05,5.00E-05,0,-4.00E-05,-7.00E-05,1.00E-05,2,1
6935,-0.00014,-1.00E-05,-3.00E-05,5.00E-05,0,-4.00E-05,-7.00E-05,1.00E-05,2,1
6936,-0.00014,-1.00E-05,-3.00E-05,5.00E-05,0,-4.00E-05,-7.00E-05,1.00E-05,2,1
6938,-0.00014,-1.00E-05,-3.00E-05,5.00E-05,0,-4.00E-05,-7.00E-05,1.00E-05,2,1
6939,-0.00014,-1.00E-05,-3.00E-05,5.00E-05,0,-4.00E-05,-7.00E-05,1.00E-05,2,1
6940,-0.00014,-1.00E-05,-3.00E-05,5.00E-05,0,-4.00E-05,-7.00E-05,1.00E-05,2,1
6941,-0.00014,-1.00E-05,-3.00E-05,5.00E-05,0,-4.00E-05,-7.00E-05,1.00E-05,2,1
6942,-0.00014,-1.00E-05,-3.00E-05,5.00E-05,0,-4.00E-05,-7.00E-05,1.00E-05,2,1
6943,-0.00014,-1.00E-05,-3.00E-05,5.00E-05,0,-4.00E-05,-7.00E-05,1.00E-05,2,1
6944,-0.00014,-1.00E-05,-3.00E-05,5.00E-05,0,-4.00E-05,-7.00E-05,1.00E-05,2,1
6945,-0.00014,-1.00E-05,-3.00E-05,5.00E-05,0,-4.00E-05,-7.00E-05,1.00E-05,2,1
6946,-0.00014,-1.00E-05,-3.00E-05,5.00E-05,0,-4.00E-05,-7.00E-05,1.00E-05,2,1
6947,-9.00E-05,-4.00E-05,-1.00E-05,6.00E-05,0.00016,-1.00E-05,0,0.00014,2,1
6948,-9.00E-05,-4.00E-05,-1.00E-05,6.00E-05,0.00016,-1.00E-05,0,0.00014,2,1
6949,-4.00E-04,-0.00014,-9.00E-05,-7.00E-05,0.00016,-0.00011,-0.00018,-0.00022,2,1
6950,-4.00E-04,-0.00014,-9.00E-05,-7.00E-05,0.00016,-0.00011,-0.00018,-0.00022,2,1
6951,-4.00E-04,-0.00014,-9.00E-05,-7.00E-05,0.00016,-0.00011,-0.00018,-0.00022,2,1
6952,-4.00E-04,-0.00014,-9.00E-05,-7.00E-05,0.00016,-0.00011,-0.00018,-0.00022,2,1
6953,-4.00E-04,-0.00014,-9.00E-05,-7.00E-05,0.00016,-0.00011,-0.00018,-0.00022,2,1
6954,-4.00E-04,-0.00014,-9.00E-05,-7.00E-05,0.00016,-0.00011,-0.00018,-0.00022,2,1
6955,-4.00E-04,-0.00014,-9.00E-05,-7.00E-05,0.00016,-0.00011,-0.00018,-0.00022,2,1
6956,-4.00E-04,-0.00014,-9.00E-05,-7.00E-05,0.00016,-0.00011,-0.00018,-0.00022,2,1
6957,-4.00E-04,-0.00014,-9.00E-05,-7.00E-05,0.00016,-0.00011,-0.00018,-0.00022,2,1
6958,-4.00E-04,-0.00014,-9.00E-05,-7.00E-05,0.00016,-0.00011,-0.00018,-0.00022,2,1
6959,-4.00E-04,-0.00014,-9.00E-05,-7.00E-05,0.00016,-0.00011,-0.00018,-0.00022,2,1
6960,-4.00E-04,-0.00014,-9.00E-05,-7.00E-05,0.00016,-0.00011,-0.00018,-0.00022,2,1
6961,4.00E-05,-0.00015,-0.00017,-7.00E-05,2.00E-04,3.00E-04,0.00032,0.00054,2,1
6962,4.00E-05,-0.00015,-0.00017,-7.00E-05,2.00E-04,3.00E-04,0.00032,0.00054,2,1
6963,4.00E-05,-0.00015,-0.00017,-7.00E-05,2.00E-04,3.00E-04,0.00032,0.00054,2,1
6964,4.00E-05,-0.00015,-0.00017,-7.00E-05,2.00E-04,3.00E-04,0.00032,0.00054,2,1
6965,4.00E-05,-0.00015,-0.00017,-7.00E-05,2.00E-04,3.00E-04,0.00032,0.00054,2,1
6966,4.00E-05,-0.00015,-0.00017,-7.00E-05,2.00E-04,3.00E-04,0.00032,0.00054,2,1
6967,4.00E-05,-0.00015,-0.00017,-7.00E-05,2.00E-04,3.00E-04,0.00032,0.00054,2,1
6968,4.00E-05,-0.00015,-0.00017,-7.00E-05,2.00E-04,3.00E-04,0.00032,0.00054,2,1
6969,4.00E-05,-0.00015,-0.00017,-7.00E-05,2.00E-04,3.00E-04,0.00032,0.00054,2,1
6970,0.00021,-8.00E-05,-0.00026,-3.00E-04,5.00E-05,0.00023,6.00E-05,-8.00E-05,2,1
6971,0.00021,-8.00E-05,-0.00026,-3.00E-04,5.00E-05,0.00023,6.00E-05,-8.00E-05,2,1
6972,0.00021,-8.00E-05,-0.00026,-3.00E-04,5.00E-05,0.00023,6.00E-05,-8.00E-05,2,1
6973,0.00021,-8.00E-05,-0.00026,-3.00E-04,5.00E-05,0.00023,6.00E-05,-8.00E-05,2,1
6974,0.00021,-8.00E-05,-0.00026,-3.00E-04,5.00E-05,0.00023,6.00E-05,-8.00E-05,2,1
6975,0.00021,-8.00E-05,-0.00026,-3.00E-04,5.00E-05,0.00023,6.00E-05,-8.00E-05,2,1
6976,0.00021,-8.00E-05,-0.00026,-3.00E-04,5.00E-05,0.00023,6.00E-05,-8.00E-05,2,1
6977,0.00021,-8.00E-05,-0.00026,-3.00E-04,5.00E-05,0.00023,6.00E-05,-8.00E-05,2,1
6978,0.00021,-8.00E-05,-0.00026,-3.00E-04,5.00E-05,0.00023,6.00E-05,-8.00E-05,2,1
6979,0.00021,-8.00E-05,-0.00026,-3.00E-04,5.00E-05,0.00023,6.00E-05,-8.00E-05,2,1
6980,0.00021,-8.00E-05,-0.00026,-3.00E-04,5.00E-05,0.00023,6.00E-05,-8.00E-05,2,1
6981,0.00021,-8.00E-05,-0.00026,-3.00E-04,5.00E-05,0.00023,6.00E-05,-8.00E-05,2,1
6982,0.00021,-8.00E-05,-0.00026,-3.00E-04,5.00E-05,0.00023,6.00E-05,-8.00E-05,2,1
6983,0.00021,-8.00E-05,-0.00026,-3.00E-04,5.00E-05,0.00023,6.00E-05,-8.00E-05,2,1
6984,0.00021,-8.00E-05,-0.00026,-3.00E-04,5.00E-05,0.00023,6.00E-05,-8.00E-05,2,1
6985,-0.00049,-0.00012,-5.00E-05,-9.00E-05,-0.00014,-0.00022,-0.00057,-0.00037,2,1
6986,3.00E-05,-1.00E-04,-6.00E-05,-0.00023,-0.00032,-4.00E-04,1.00E-04,-0.00014,2,1
6988,3.00E-05,-1.00E-04,-6.00E-05,-0.00023,-0.00032,-4.00E-04,1.00E-04,-0.00014,2,1
6989,3.00E-05,-1.00E-04,-6.00E-05,-0.00023,-0.00032,-4.00E-04,1.00E-04,-0.00014,2,1
6990,3.00E-05,-1.00E-04,-6.00E-05,-0.00023,-0.00032,-4.00E-04,1.00E-04,-0.00014,2,1
6991,3.00E-05,-1.00E-04,-6.00E-05,-0.00023,-0.00032,-4.00E-04,1.00E-04,-0.00014,2,1
6992,3.00E-05,-1.00E-04,-6.00E-05,-0.00023,-0.00032,-4.00E-04,1.00E-04,-0.00014,2,1
6993,3.00E-05,-1.00E-04,-6.00E-05,-0.00023,-0.00032,-4.00E-04,1.00E-04,-0.00014,2,1
6994,3.00E-05,-1.00E-04,-6.00E-05,-0.00023,-0.00032,-4.00E-04,1.00E-04,-0.00014,2,1
6995,3.00E-05,-1.00E-04,-6.00E-05,-0.00023,-0.00032,-4.00E-04,1.00E-04,-0.00014,2,1
6996,3.00E-05,-1.00E-04,-6.00E-05,-0.00023,-0.00032,-4.00E-04,1.00E-04,-0.00014,2,1
6997,3.00E-05,-1.00E-04,-6.00E-05,-0.00023,-0.00032,-4.00E-04,1.00E-04,-0.00014,2,1
6998,3.00E-05,-1.00E-04,-6.00E-05,-0.00023,-0.00032,-4.00E-04,1.00E-04,-0.00014,2,1
6999,3.00E-05,-1.00E-04,-6.00E-05,-0.00023,-0.00032,-4.00E-04,1.00E-04,-0.00014,2,1
7000,3.00E-05,-1.00E-04,-6.00E-05,-0.00023,-0.00032,-4.00E-04,1.00E-04,-0.00014,2,1
7001,3.00E-05,-1.00E-04,-6.00E-05,-0.00023,-0.00032,-4.00E-04,1.00E-04,-0.00014,2,1
7002,3.00E-05,-1.00E-04,-6.00E-05,-0.00023,-0.00032,-4.00E-04,1.00E-04,-0.00014,2,1
7003,3.00E-05,-1.00E-04,-6.00E-05,-0.00023,-0.00032,-4.00E-04,1.00E-04,-0.00014,2,1
7004,3.00E-05,-1.00E-04,-6.00E-05,-0.00023,-0.00032,-4.00E-04,1.00E-04,-0.00014,2,1
7005,3.00E-05,-1.00E-04,-6.00E-05,-0.00023,-0.00032,-4.00E-04,1.00E-04,-0.00014,2,1
7006,3.00E-05,-1.00E-04,-6.00E-05,-0.00023,-0.00032,-4.00E-04,1.00E-04,-0.00014,2,1
7007,3.00E-05,-1.00E-04,-6.00E-05,-0.00023,-0.00032,-4.00E-04,1.00E-04,-0.00014,2,1
7008,3.00E-05,-1.00E-04,-6.00E-05,-0.00023,-0.00032,-4.00E-04,1.00E-04,-0.00014,2,1
7009,0.00065,-5.00E-05,-0.00023,-0.00016,-0.00035,-0.00023,-3.00E-05,0.00042,2,1
7010,2.00E-04,0.00021,0.00014,0.00019,-0.00021,-0.00041,-0.00016,6.00E-05,2,1
7012,2.00E-04,0.00021,0.00014,0.00019,-0.00021,-0.00041,-0.00016,6.00E-05,2,1
7013,2.00E-04,0.00021,0.00014,0.00019,-0.00021,-0.00041,-0.00016,6.00E-05,2,1
7014,2.00E-04,0.00021,0.00014,0.00019,-0.00021,-0.00041,-0.00016,6.00E-05,2,1
7015,2.00E-04,0.00021,0.00014,0.00019,-0.00021,-0.00041,-0.00016,6.00E-05,2,1
7016,2.00E-04,0.00021,0.00014,0.00019,-0.00021,-0.00041,-0.00016,6.00E-05,2,1
7017,2.00E-04,0.00021,0.00014,0.00019,-0.00021,-0.00041,-0.00016,6.00E-05,2,1
7018,2.00E-04,0.00021,0.00014,0.00019,-0.00021,-0.00041,-0.00016,6.00E-05,2,1
7019,2.00E-04,0.00021,0.00014,0.00019,-0.00021,-0.00041,-0.00016,6.00E-05,2,1
7020,2.00E-04,0.00021,0.00014,0.00019,-0.00021,-0.00041,-0.00016,6.00E-05,2,1
7021,2.00E-04,0.00021,0.00014,0.00019,-0.00021,-0.00041,-0.00016,6.00E-05,2,1
7022,2.00E-04,0.00021,0.00014,0.00019,-0.00021,-0.00041,-0.00016,6.00E-05,2,1
7023,2.00E-04,0.00021,0.00014,0.00019,-0.00021,-0.00041,-0.00016,6.00E-05,2,1
7024,2.00E-04,0.00021,0.00014,0.00019,-0.00021,-0.00041,-0.00016,6.00E-05,2,1
7025,2.00E-04,0.00021,0.00014,0.00019,-0.00021,-0.00041,-0.00016,6.00E-05,2,1
7026,2.00E-04,0.00021,0.00014,0.00019,-0.00021,-0.00041,-0.00016,6.00E-05,2,1
7027,2.00E-04,0.00021,0.00014,0.00019,-0.00021,-0.00041,-0.00016,6.00E-05,2,1
7028,2.00E-04,0.00021,0.00014,0.00019,-0.00021,-0.00041,-0.00016,6.00E-05,2,1
7029,2.00E-04,0.00021,0.00014,0.00019,-0.00021,-0.00041,-0.00016,6.00E-05,2,1
7030,2.00E-04,0.00021,0.00014,0.00019,-0.00021,-0.00041,-0.00016,6.00E-05,2,1
7031,2.00E-04,0.00021,0.00014,0.00019,-0.00021,-0.00041,-0.00016,6.00E-05,2,1
7032,2.00E-04,0.00021,0.00014,0.00019,-0.00021,-0.00041,-0.00016,6.00E-05,2,1
7033,2.00E-04,0.00021,0.00014,0.00019,-0.00021,-0.00041,-0.00016,6.00E-05,2,1
7034,2.00E-04,0.00021,0.00014,0.00019,-0.00021,-0.00041,-0.00016,6.00E-05,2,1
7035,2.00E-04,0.00021,0.00014,0.00019,-0.00021,-0.00041,-0.00016,6.00E-05,2,1
7036,2.00E-04,0.00021,0.00014,0.00019,-0.00021,-0.00041,-0.00016,6.00E-05,2,1
7038,-1.00E-04,-0.00012,-0.00022,-8.00E-05,3.00E-05,-5.00E-05,0.00028,3.00E-05,2,1
7039,0.00018,0.00014,3.00E-05,-0.00025,-9.00E-05,0.00012,3.00E-05,0.00017,2,1
7040,0.00018,0.00014,3.00E-05,-0.00025,-9.00E-05,0.00012,3.00E-05,0.00017,2,1
7041,0.00018,0.00014,3.00E-05,-0.00025,-9.00E-05,0.00012,3.00E-05,0.00017,2,1
7042,0.00018,0.00014,3.00E-05,-0.00025,-9.00E-05,0.00012,3.00E-05,0.00017,2,1
7043,0.00018,0.00014,3.00E-05,-0.00025,-9.00E-05,0.00012,3.00E-05,0.00017,2,1
7044,0.00018,0.00014,3.00E-05,-0.00025,-9.00E-05,0.00012,3.00E-05,0.00017,2,1
7045,0.00018,0.00014,3.00E-05,-0.00025,-9.00E-05,0.00012,3.00E-05,0.00017,2,1
7046,0.00018,0.00014,3.00E-05,-0.00025,-9.00E-05,0.00012,3.00E-05,0.00017,2,1
7047,0.00018,0.00014,3.00E-05,-0.00025,-9.00E-05,0.00012,3.00E-05,0.00017,2,1
7048,0.00018,0.00014,3.00E-05,-0.00025,-9.00E-05,0.00012,3.00E-05,0.00017,2,1
7049,0.00018,0.00014,3.00E-05,-0.00025,-9.00E-05,0.00012,3.00E-05,0.00017,2,1
7050,0.00018,0.00014,3.00E-05,-0.00025,-9.00E-05,0.00012,3.00E-05,0.00017,2,1
7051,0.00018,0.00014,3.00E-05,-0.00025,-9.00E-05,0.00012,3.00E-05,0.00017,2,1
7052,0.00018,0.00014,3.00E-05,-0.00025,-9.00E-05,0.00012,3.00E-05,0.00017,2,1
7053,0.00018,0.00014,3.00E-05,-0.00025,-9.00E-05,0.00012,3.00E-05,0.00017,2,1
7054,0.00018,0.00014,3.00E-05,-0.00025,-9.00E-05,0.00012,3.00E-05,0.00017,2,1
7055,0.00018,0.00014,3.00E-05,-0.00025,-9.00E-05,0.00012,3.00E-05,0.00017,2,1
7056,0.00018,0.00014,3.00E-05,-0.00025,-9.00E-05,0.00012,3.00E-05,0.00017,2,1
7057,0.00018,0.00014,3.00E-05,-0.00025,-9.00E-05,0.00012,3.00E-05,0.00017,2,1
7058,0.00018,0.00014,3.00E-05,-0.00025,-9.00E-05,0.00012,3.00E-05,0.00017,2,1
7059,0.00018,0.00014,3.00E-05,-0.00025,-9.00E-05,0.00012,3.00E-05,0.00017,2,1
7060,0.00012,-0.00012,-9.00E-05,4.00E-05,0.00017,5.00E-05,-0.00029,-0.00019,2,1
7061,0.00015,0.00017,0.00021,0.00036,0.00046,0.00029,-0.00034,4.00E-05,2,1
7062,0.00015,0.00017,0.00021,0.00036,0.00046,0.00029,-0.00034,4.00E-05,2,1
7063,0.00015,0.00017,0.00021,0.00036,0.00046,0.00029,-0.00034,4.00E-05,2,1
7064,0.00015,0.00017,0.00021,0.00036,0.00046,0.00029,-0.00034,4.00E-05,2,1
7065,0.00015,0.00017,0.00021,0.00036,0.00046,0.00029,-0.00034,4.00E-05,2,1
7066,0.00015,0.00017,0.00021,0.00036,0.00046,0.00029,-0.00034,4.00E-05,2,1
7067,0.00015,0.00017,0.00021,0.00036,0.00046,0.00029,-0.00034,4.00E-05,2,1
7068,0.00015,0.00017,0.00021,0.00036,0.00046,0.00029,-0.00034,4.00E-05,2,1
7069,0.00015,0.00017,0.00021,0.00036,0.00046,0.00029,-0.00034,4.00E-05,2,1
7070,0.00015,0.00017,0.00021,0.00036,0.00046,0.00029,-0.00034,4.00E-05,2,1
7071,0.00015,0.00017,0.00021,0.00036,0.00046,0.00029,-0.00034,4.00E-05,2,1
7072,0.00015,0.00017,0.00021,0.00036,0.00046,0.00029,-0.00034,4.00E-05,2,1
7073,0.00015,0.00017,0.00021,0.00036,0.00046,0.00029,-0.00034,4.00E-05,2,1
7074,0.00015,0.00017,0.00021,0.00036,0.00046,0.00029,-0.00034,4.00E-05,2,1
7075,0.00015,0.00017,0.00021,0.00036,0.00046,0.00029,-0.00034,4.00E-05,2,1
7076,0.00015,0.00017,0.00021,0.00036,0.00046,0.00029,-0.00034,4.00E-05,2,1
7077,0.00015,0.00017,0.00021,0.00036,0.00046,0.00029,-0.00034,4.00E-05,2,1
7078,0.00015,0.00017,0.00021,0.00036,0.00046,0.00029,-0.00034,4.00E-05,2,1
7079,0.00015,0.00017,0.00021,0.00036,0.00046,0.00029,-0.00034,4.00E-05,2,1
7080,0.00015,0.00017,0.00021,0.00036,0.00046,0.00029,-0.00034,4.00E-05,2,1
7081,0.00015,0.00017,0.00021,0.00036,0.00046,0.00029,-0.00034,4.00E-05,2,1
7082,0.00015,0.00017,0.00021,0.00036,0.00046,0.00029,-0.00034,4.00E-05,2,1
7083,0.00024,0.00019,0.00019,0.00022,0.00014,0.00023,0.00018,-3.00E-05,2,1
7084,0.00024,0.00019,0.00019,0.00022,0.00014,0.00023,0.00018,-3.00E-05,2,1
7085,0.00024,0.00019,0.00019,0.00022,0.00014,0.00023,0.00018,-3.00E-05,2,1
7086,0.00024,0.00019,0.00019,0.00022,0.00014,0.00023,0.00018,-3.00E-05,2,1
7088,0.00024,0.00019,0.00019,0.00022,0.00014,0.00023,0.00018,-3.00E-05,2,1
7089,0.00024,0.00019,0.00019,0.00022,0.00014,0.00023,0.00018,-3.00E-05,2,1
7090,2.00E-04,6.00E-05,-3.00E-05,-0.00025,1.00E-05,5.00E-05,-6.00E-05,-6.00E-05,2,1
7091,2.00E-04,6.00E-05,-3.00E-05,-0.00025,1.00E-05,5.00E-05,-6.00E-05,-6.00E-05,2,1
7092,2.00E-04,6.00E-05,-3.00E-05,-0.00025,1.00E-05,5.00E-05,-6.00E-05,-6.00E-05,2,1
7093,2.00E-04,6.00E-05,-3.00E-05,-0.00025,1.00E-05,5.00E-05,-6.00E-05,-6.00E-05,2,1
7094,2.00E-04,6.00E-05,-3.00E-05,-0.00025,1.00E-05,5.00E-05,-6.00E-05,-6.00E-05,2,1
7095,2.00E-04,6.00E-05,-3.00E-05,-0.00025,1.00E-05,5.00E-05,-6.00E-05,-6.00E-05,2,1
7096,2.00E-04,6.00E-05,-3.00E-05,-0.00025,1.00E-05,5.00E-05,-6.00E-05,-6.00E-05,2,1
7097,2.00E-04,6.00E-05,-3.00E-05,-0.00025,1.00E-05,5.00E-05,-6.00E-05,-6.00E-05,2,1
7098,2.00E-04,6.00E-05,-3.00E-05,-0.00025,1.00E-05,5.00E-05,-6.00E-05,-6.00E-05,2,1
7099,2.00E-04,6.00E-05,-3.00E-05,-0.00025,1.00E-05,5.00E-05,-6.00E-05,-6.00E-05,2,1
7100,2.00E-04,6.00E-05,-3.00E-05,-0.00025,1.00E-05,5.00E-05,-6.00E-05,-6.00E-05,2,1
7101,2.00E-04,6.00E-05,-3.00E-05,-0.00025,1.00E-05,5.00E-05,-6.00E-05,-6.00E-05,2,1
7102,2.00E-04,6.00E-05,-3.00E-05,-0.00025,1.00E-05,5.00E-05,-6.00E-05,-6.00E-05,2,1
7103,2.00E-04,6.00E-05,-3.00E-05,-0.00025,1.00E-05,5.00E-05,-6.00E-05,-6.00E-05,2,1
7104,2.00E-04,6.00E-05,-3.00E-05,-0.00025,1.00E-05,5.00E-05,-6.00E-05,-6.00E-05,2,1
7105,2.00E-04,6.00E-05,-3.00E-05,-0.00025,1.00E-05,5.00E-05,-6.00E-05,-6.00E-05,2,1
7106,2.00E-04,6.00E-05,-3.00E-05,-0.00025,1.00E-05,5.00E-05,-6.00E-05,-6.00E-05,2,1
7108,2.00E-04,6.00E-05,-3.00E-05,-0.00025,1.00E-05,5.00E-05,-6.00E-05,-6.00E-05,2,1
7109,2.00E-04,6.00E-05,-3.00E-05,-0.00025,1.00E-05,5.00E-05,-6.00E-05,-6.00E-05,2,1
7110,2.00E-04,6.00E-05,-3.00E-05,-0.00025,1.00E-05,5.00E-05,-6.00E-05,-6.00E-05,2,1
7111,2.00E-04,6.00E-05,-3.00E-05,-0.00025,1.00E-05,5.00E-05,-6.00E-05,-6.00E-05,2,1
7112,2.00E-04,6.00E-05,-3.00E-05,-0.00025,1.00E-05,5.00E-05,-6.00E-05,-6.00E-05,2,1
7113,-0.00063,-0.00019,0.00026,0.00031,0,-7.00E-05,-1.00E-05,-0.00011,2,1
7114,-0.00063,-0.00019,0.00026,0.00031,0,-7.00E-05,-1.00E-05,-0.00011,2,1
7115,-0.00063,-0.00019,0.00026,0.00031,0,-7.00E-05,-1.00E-05,-0.00011,2,1
7116,1.00E-05,-1.00E-04,4.00E-05,-0.00011,-0.00024,-0.00063,-0.00026,4.00E-05,2,1
7117,1.00E-05,-1.00E-04,4.00E-05,-0.00011,-0.00024,-0.00063,-0.00026,4.00E-05,2,1
7118,1.00E-05,-1.00E-04,4.00E-05,-0.00011,-0.00024,-0.00063,-0.00026,4.00E-05,2,1
7119,1.00E-05,-1.00E-04,4.00E-05,-0.00011,-0.00024,-0.00063,-0.00026,4.00E-05,2,1
7120,1.00E-05,-1.00E-04,4.00E-05,-0.00011,-0.00024,-0.00063,-0.00026,4.00E-05,2,1
7121,1.00E-05,-1.00E-04,4.00E-05,-0.00011,-0.00024,-0.00063,-0.00026,4.00E-05,2,1
7122,1.00E-05,-1.00E-04,4.00E-05,-0.00011,-0.00024,-0.00063,-0.00026,4.00E-05,2,1
7123,1.00E-05,-1.00E-04,4.00E-05,-0.00011,-0.00024,-0.00063,-0.00026,4.00E-05,2,1
7124,1.00E-05,-1.00E-04,4.00E-05,-0.00011,-0.00024,-0.00063,-0.00026,4.00E-05,2,1
7125,1.00E-05,-1.00E-04,4.00E-05,-0.00011,-0.00024,-0.00063,-0.00026,4.00E-05,2,1
7126,1.00E-05,-1.00E-04,4.00E-05,-0.00011,-0.00024,-0.00063,-0.00026,4.00E-05,2,1
7127,1.00E-05,-1.00E-04,4.00E-05,-0.00011,-0.00024,-0.00063,-0.00026,4.00E-05,2,1
7128,1.00E-05,-1.00E-04,4.00E-05,-0.00011,-0.00024,-0.00063,-0.00026,4.00E-05,2,1
7129,1.00E-05,-1.00E-04,4.00E-05,-0.00011,-0.00024,-0.00063,-0.00026,4.00E-05,2,1
7130,1.00E-05,-1.00E-04,4.00E-05,-0.00011,-0.00024,-0.00063,-0.00026,4.00E-05,2,1
7131,1.00E-05,-1.00E-04,4.00E-05,-0.00011,-0.00024,-0.00063,-0.00026,4.00E-05,2,1
7132,1.00E-05,-1.00E-04,4.00E-05,-0.00011,-0.00024,-0.00063,-0.00026,4.00E-05,2,1
7133,1.00E-05,-1.00E-04,4.00E-05,-0.00011,-0.00024,-0.00063,-0.00026,4.00E-05,2,1
7134,1.00E-05,-1.00E-04,4.00E-05,-0.00011,-0.00024,-0.00063,-0.00026,4.00E-05,2,1
7135,-0.00035,0,-5.00E-05,0.00014,0.00016,-0.00017,-0.00027,-0.00038,2,1
7136,2.00E-04,1.00E-05,0.00021,0.00019,-0.00015,-0.00028,-5.00E-05,-1.00E-05,2,1
7138,-0.00027,-9.00E-05,1.00E-04,8.00E-05,3.00E-05,-5.00E-05,0.00018,2.00E-05,2,1
7139,-0.00027,-9.00E-05,1.00E-04,8.00E-05,3.00E-05,-5.00E-05,0.00018,2.00E-05,2,1
7140,-0.00027,-9.00E-05,1.00E-04,8.00E-05,3.00E-05,-5.00E-05,0.00018,2.00E-05,2,1
7141,-0.00027,-9.00E-05,1.00E-04,8.00E-05,3.00E-05,-5.00E-05,0.00018,2.00E-05,2,1
7142,-0.00027,-9.00E-05,1.00E-04,8.00E-05,3.00E-05,-5.00E-05,0.00018,2.00E-05,2,1
7143,-0.00027,-9.00E-05,1.00E-04,8.00E-05,3.00E-05,-5.00E-05,0.00018,2.00E-05,2,1
7144,-0.00027,-9.00E-05,1.00E-04,8.00E-05,3.00E-05,-5.00E-05,0.00018,2.00E-05,2,1
7145,-0.00027,-9.00E-05,1.00E-04,8.00E-05,3.00E-05,-5.00E-05,0.00018,2.00E-05,2,1
7146,-0.00027,-9.00E-05,1.00E-04,8.00E-05,3.00E-05,-5.00E-05,0.00018,2.00E-05,2,1
7147,-0.00027,-9.00E-05,1.00E-04,8.00E-05,3.00E-05,-5.00E-05,0.00018,2.00E-05,2,1
7148,-0.00027,-9.00E-05,1.00E-04,8.00E-05,3.00E-05,-5.00E-05,0.00018,2.00E-05,2,1
7149,-0.00027,-9.00E-05,1.00E-04,8.00E-05,3.00E-05,-5.00E-05,0.00018,2.00E-05,2,1
7150,-0.00027,-9.00E-05,1.00E-04,8.00E-05,3.00E-05,-5.00E-05,0.00018,2.00E-05,2,1
7151,-0.00027,-9.00E-05,1.00E-04,8.00E-05,3.00E-05,-5.00E-05,0.00018,2.00E-05,2,1
7152,-0.00027,-9.00E-05,1.00E-04,8.00E-05,3.00E-05,-5.00E-05,0.00018,2.00E-05,2,1
7153,-0.00027,-9.00E-05,1.00E-04,8.00E-05,3.00E-05,-5.00E-05,0.00018,2.00E-05,2,1
7154,-0.00027,-9.00E-05,1.00E-04,8.00E-05,3.00E-05,-5.00E-05,0.00018,2.00E-05,2,1
7155,-0.00027,-9.00E-05,1.00E-04,8.00E-05,3.00E-05,-5.00E-05,0.00018,2.00E-05,2,1
7156,-0.00027,-9.00E-05,1.00E-04,8.00E-05,3.00E-05,-5.00E-05,0.00018,2.00E-05,2,1
7157,-0.00027,-9.00E-05,1.00E-04,8.00E-05,3.00E-05,-5.00E-05,0.00018,2.00E-05,2,1
7158,0.00026,0.00014,-9.00E-05,-3.00E-04,3.00E-05,9.00E-05,7.00E-05,-6.00E-05,2,1
7159,0.00026,0.00014,-9.00E-05,-3.00E-04,3.00E-05,9.00E-05,7.00E-05,-6.00E-05,2,1
7160,0.00026,0.00014,-9.00E-05,-3.00E-04,3.00E-05,9.00E-05,7.00E-05,-6.00E-05,2,1
7161,0.00026,0.00014,-9.00E-05,-3.00E-04,3.00E-05,9.00E-05,7.00E-05,-6.00E-05,2,1
7162,0.00026,0.00014,-9.00E-05,-3.00E-04,3.00E-05,9.00E-05,7.00E-05,-6.00E-05,2,1
7163,-0.00033,-0.00029,-0.00043,-0.00024,-0.00016,-6.00E-05,-3.00E-05,-0.00026,2,1
7164,-0.00033,-0.00029,-0.00043,-0.00024,-0.00016,-6.00E-05,-3.00E-05,-0.00026,2,1
7165,-0.00033,-0.00029,-0.00043,-0.00024,-0.00016,-6.00E-05,-3.00E-05,-0.00026,2,1
7166,-0.00033,-0.00029,-0.00043,-0.00024,-0.00016,-6.00E-05,-3.00E-05,-0.00026,2,1
7167,-0.00033,-0.00029,-0.00043,-0.00024,-0.00016,-6.00E-05,-3.00E-05,-0.00026,2,1
7168,-0.00033,-0.00029,-0.00043,-0.00024,-0.00016,-6.00E-05,-3.00E-05,-0.00026,2,1
7169,-0.00033,-0.00029,-0.00043,-0.00024,-0.00016,-6.00E-05,-3.00E-05,-0.00026,2,1
7170,-0.00033,-0.00029,-0.00043,-0.00024,-0.00016,-6.00E-05,-3.00E-05,-0.00026,2,1
7171,-0.00033,-0.00029,-0.00043,-0.00024,-0.00016,-6.00E-05,-3.00E-05,-0.00026,2,1
7172,-0.00033,-0.00029,-0.00043,-0.00024,-0.00016,-6.00E-05,-3.00E-05,-0.00026,2,1
7173,-0.00033,-0.00029,-0.00043,-0.00024,-0.00016,-6.00E-05,-3.00E-05,-0.00026,2,1
7174,-0.00033,-0.00029,-0.00043,-0.00024,-0.00016,-6.00E-05,-3.00E-05,-0.00026,2,1
7175,-0.00033,-0.00029,-0.00043,-0.00024,-0.00016,-6.00E-05,-3.00E-05,-0.00026,2,1
7176,-0.00033,-0.00029,-0.00043,-0.00024,-0.00016,-6.00E-05,-3.00E-05,-0.00026,2,1
7177,-0.00033,-0.00029,-0.00043,-0.00024,-0.00016,-6.00E-05,-3.00E-05,-0.00026,2,1
7178,-0.00033,-0.00029,-0.00043,-0.00024,-0.00016,-6.00E-05,-3.00E-05,-0.00026,2,1
7179,-0.00033,-0.00029,-0.00043,-0.00024,-0.00016,-6.00E-05,-3.00E-05,-0.00026,2,1
7180,-0.00033,-0.00029,-0.00043,-0.00024,-0.00016,-6.00E-05,-3.00E-05,-0.00026,2,1
7181,-0.00033,-0.00029,-0.00043,-0.00024,-0.00016,-6.00E-05,-3.00E-05,-0.00026,2,1
7182,-0.00033,-0.00029,-0.00043,-0.00024,-0.00016,-6.00E-05,-3.00E-05,-0.00026,2,1
7183,-0.00033,-0.00029,-0.00043,-0.00024,-0.00016,-6.00E-05,-3.00E-05,-0.00026,2,1
7184,-0.00033,-0.00029,-0.00043,-0.00024,-0.00016,-6.00E-05,-3.00E-05,-0.00026,2,1
7185,-0.00033,-0.00029,-0.00043,-0.00024,-0.00016,-6.00E-05,-3.00E-05,-0.00026,2,1
7186,-0.00033,-0.00029,-0.00043,-0.00024,-0.00016,-6.00E-05,-3.00E-05,-0.00026,2,1
7189,2.00E-05,-0.00028,-0.00026,0.00012,0.00023,7.00E-05,-4.00E-05,4.00E-05,2,1
7190,-1.00E-04,9.00E-05,0,-7.00E-05,-0.00015,-0.00013,-2.00E-05,-0.00017,2,1
7192,-1.00E-04,9.00E-05,0,-7.00E-05,-0.00015,-0.00013,-2.00E-05,-0.00017,2,1
7193,-1.00E-04,9.00E-05,0,-7.00E-05,-0.00015,-0.00013,-2.00E-05,-0.00017,2,1
7194,-1.00E-04,9.00E-05,0,-7.00E-05,-0.00015,-0.00013,-2.00E-05,-0.00017,2,1
7195,-1.00E-04,9.00E-05,0,-7.00E-05,-0.00015,-0.00013,-2.00E-05,-0.00017,2,1
7196,-1.00E-04,9.00E-05,0,-7.00E-05,-0.00015,-0.00013,-2.00E-05,-0.00017,2,1
7197,-1.00E-04,9.00E-05,0,-7.00E-05,-0.00015,-0.00013,-2.00E-05,-0.00017,2,1
7198,-1.00E-04,9.00E-05,0,-7.00E-05,-0.00015,-0.00013,-2.00E-05,-0.00017,2,1
7199,-1.00E-04,9.00E-05,0,-7.00E-05,-0.00015,-0.00013,-2.00E-05,-0.00017,2,1
7200,-1.00E-04,9.00E-05,0,-7.00E-05,-0.00015,-0.00013,-2.00E-05,-0.00017,2,1
7201,-1.00E-04,9.00E-05,0,-7.00E-05,-0.00015,-0.00013,-2.00E-05,-0.00017,2,1
7202,-1.00E-04,9.00E-05,0,-7.00E-05,-0.00015,-0.00013,-2.00E-05,-0.00017,2,1
7203,-1.00E-04,9.00E-05,0,-7.00E-05,-0.00015,-0.00013,-2.00E-05,-0.00017,2,1
7204,-1.00E-04,9.00E-05,0,-7.00E-05,-0.00015,-0.00013,-2.00E-05,-0.00017,2,1
7205,-1.00E-04,9.00E-05,0,-7.00E-05,-0.00015,-0.00013,-2.00E-05,-0.00017,2,1
7206,-1.00E-04,9.00E-05,0,-7.00E-05,-0.00015,-0.00013,-2.00E-05,-0.00017,2,1
7207,-1.00E-04,9.00E-05,0,-7.00E-05,-0.00015,-0.00013,-2.00E-05,-0.00017,2,1
7208,-1.00E-04,9.00E-05,0,-7.00E-05,-0.00015,-0.00013,-2.00E-05,-0.00017,2,1
7209,-1.00E-04,9.00E-05,0,-7.00E-05,-0.00015,-0.00013,-2.00E-05,-0.00017,2,1
7210,-1.00E-04,9.00E-05,0,-7.00E-05,-0.00015,-0.00013,-2.00E-05,-0.00017,2,1
7211,0.00095,0.00019,-9.00E-05,-6.00E-05,-0.00017,5.00E-05,0.00028,5.00E-04,2,1
7212,-0.00014,1.00E-04,0.00033,-2.00E-05,8.00E-05,-5.00E-05,1.00E-05,0.00016,2,1
7213,-5.00E-05,-5.00E-05,-0.00012,3.00E-05,1.00E-04,0.00022,0.00055,0.00033,2,1
7214,-5.00E-05,-5.00E-05,-0.00012,3.00E-05,1.00E-04,0.00022,0.00055,0.00033,2,1
7215,-5.00E-05,-5.00E-05,-0.00012,3.00E-05,1.00E-04,0.00022,0.00055,0.00033,2,1
7216,-5.00E-05,-5.00E-05,-0.00012,3.00E-05,1.00E-04,0.00022,0.00055,0.00033,2,1
7217,-5.00E-05,-5.00E-05,-0.00012,3.00E-05,1.00E-04,0.00022,0.00055,0.00033,2,1
7218,-5.00E-05,-5.00E-05,-0.00012,3.00E-05,1.00E-04,0.00022,0.00055,0.00033,2,1
7219,-5.00E-05,-5.00E-05,-0.00012,3.00E-05,1.00E-04,0.00022,0.00055,0.00033,2,1
7220,-5.00E-05,-5.00E-05,-0.00012,3.00E-05,1.00E-04,0.00022,0.00055,0.00033,2,1
7221,-5.00E-05,-5.00E-05,-0.00012,3.00E-05,1.00E-04,0.00022,0.00055,0.00033,2,1
7222,-5.00E-05,-5.00E-05,-0.00012,3.00E-05,1.00E-04,0.00022,0.00055,0.00033,2,1
7223,-5.00E-05,-5.00E-05,-0.00012,3.00E-05,1.00E-04,0.00022,0.00055,0.00033,2,1
7224,-5.00E-05,-5.00E-05,-0.00012,3.00E-05,1.00E-04,0.00022,0.00055,0.00033,2,1
7225,-5.00E-05,-5.00E-05,-0.00012,3.00E-05,1.00E-04,0.00022,0.00055,0.00033,2,1
7226,-5.00E-05,-5.00E-05,-0.00012,3.00E-05,1.00E-04,0.00022,0.00055,0.00033,2,1
7227,-5.00E-05,-5.00E-05,-0.00012,3.00E-05,1.00E-04,0.00022,0.00055,0.00033,2,1
7228,-5.00E-05,-5.00E-05,-0.00012,3.00E-05,1.00E-04,0.00022,0.00055,0.00033,2,1
7229,-5.00E-05,-5.00E-05,-0.00012,3.00E-05,1.00E-04,0.00022,0.00055,0.00033,2,1
7230,-5.00E-05,-5.00E-05,-0.00012,3.00E-05,1.00E-04,0.00022,0.00055,0.00033,2,1
7231,-5.00E-05,-5.00E-05,-0.00012,3.00E-05,1.00E-04,0.00022,0.00055,0.00033,2,1
7232,-5.00E-05,-5.00E-05,-0.00012,3.00E-05,1.00E-04,0.00022,0.00055,0.00033,2,1
7233,-5.00E-05,-5.00E-05,-0.00012,3.00E-05,1.00E-04,0.00022,0.00055,0.00033,2,1
7234,-5.00E-05,-5.00E-05,-0.00012,3.00E-05,1.00E-04,0.00022,0.00055,0.00033,2,1
7235,-5.00E-05,-5.00E-05,-0.00012,3.00E-05,1.00E-04,0.00022,0.00055,0.00033,2,1
7236,-5.00E-05,-5.00E-05,-0.00012,3.00E-05,1.00E-04,0.00022,0.00055,0.00033,2,1
7238,-5.00E-05,-5.00E-05,-0.00012,3.00E-05,1.00E-04,0.00022,0.00055,0.00033,2,1
7239,-5.00E-05,-5.00E-05,-0.00012,3.00E-05,1.00E-04,0.00022,0.00055,0.00033,2,1
7240,0.00012,8.00E-05,-1.00E-04,4.00E-05,0.00013,1.00E-04,-0.00013,-0.00016,2,1
7241,0.00012,8.00E-05,-1.00E-04,4.00E-05,0.00013,1.00E-04,-0.00013,-0.00016,2,1
7242,0.00036,0.00016,0.00015,0.00019,0.00023,0.00023,0.00033,0.00044,2,1
7243,0.00036,0.00016,0.00015,0.00019,0.00023,0.00023,0.00033,0.00044,2,1
7244,0.00036,0.00016,0.00015,0.00019,0.00023,0.00023,0.00033,0.00044,2,1
7245,0.00036,0.00016,0.00015,0.00019,0.00023,0.00023,0.00033,0.00044,2,1
7246,0.00036,0.00016,0.00015,0.00019,0.00023,0.00023,0.00033,0.00044,2,1
7247,0.00036,0.00016,0.00015,0.00019,0.00023,0.00023,0.00033,0.00044,2,1
7248,0.00036,0.00016,0.00015,0.00019,0.00023,0.00023,0.00033,0.00044,2,1
7249,0.00036,0.00016,0.00015,0.00019,0.00023,0.00023,0.00033,0.00044,2,1
7250,0.00036,0.00016,0.00015,0.00019,0.00023,0.00023,0.00033,0.00044,2,1
7251,0.00036,0.00016,0.00015,0.00019,0.00023,0.00023,0.00033,0.00044,2,1
7252,0.00036,0.00016,0.00015,0.00019,0.00023,0.00023,0.00033,0.00044,2,1
7253,-2.00E-04,-0.00027,-0.00029,1.00E-04,-2.00E-05,0.00014,-0.00015,-0.00015,2,1
7254,-2.00E-04,-0.00027,-0.00029,1.00E-04,-2.00E-05,0.00014,-0.00015,-0.00015,2,1
7255,-2.00E-04,-0.00027,-0.00029,1.00E-04,-2.00E-05,0.00014,-0.00015,-0.00015,2,1
7256,-2.00E-04,-0.00027,-0.00029,1.00E-04,-2.00E-05,0.00014,-0.00015,-0.00015,2,1
7257,-2.00E-04,-0.00027,-0.00029,1.00E-04,-2.00E-05,0.00014,-0.00015,-0.00015,2,1
7258,-2.00E-04,-0.00027,-0.00029,1.00E-04,-2.00E-05,0.00014,-0.00015,-0.00015,2,1
7259,-2.00E-04,-0.00027,-0.00029,1.00E-04,-2.00E-05,0.00014,-0.00015,-0.00015,2,1
7260,-2.00E-04,-0.00027,-0.00029,1.00E-04,-2.00E-05,0.00014,-0.00015,-0.00015,2,1
7261,-2.00E-04,-0.00027,-0.00029,1.00E-04,-2.00E-05,0.00014,-0.00015,-0.00015,2,1
7262,-0.00021,1.00E-05,0.00024,-3.00E-05,-8.00E-05,0.00014,-0.00046,-0.00025,2,1
7264,-0.00021,1.00E-05,0.00024,-3.00E-05,-8.00E-05,0.00014,-0.00046,-0.00025,2,1
7265,-0.00021,1.00E-05,0.00024,-3.00E-05,-8.00E-05,0.00014,-0.00046,-0.00025,2,1
7266,-0.00021,1.00E-05,0.00024,-3.00E-05,-8.00E-05,0.00014,-0.00046,-0.00025,2,1
7267,-0.00021,1.00E-05,0.00024,-3.00E-05,-8.00E-05,0.00014,-0.00046,-0.00025,2,1
7268,-0.00021,1.00E-05,0.00024,-3.00E-05,-8.00E-05,0.00014,-0.00046,-0.00025,2,1
7269,-0.00021,1.00E-05,0.00024,-3.00E-05,-8.00E-05,0.00014,-0.00046,-0.00025,2,1
7270,-0.00021,1.00E-05,0.00024,-3.00E-05,-8.00E-05,0.00014,-0.00046,-0.00025,2,1
7271,-0.00021,1.00E-05,0.00024,-3.00E-05,-8.00E-05,0.00014,-0.00046,-0.00025,2,1
7272,-0.00021,1.00E-05,0.00024,-3.00E-05,-8.00E-05,0.00014,-0.00046,-0.00025,2,1
7273,-0.00021,1.00E-05,0.00024,-3.00E-05,-8.00E-05,0.00014,-0.00046,-0.00025,2,1
7274,-0.00021,1.00E-05,0.00024,-3.00E-05,-8.00E-05,0.00014,-0.00046,-0.00025,2,1
7275,-0.00021,1.00E-05,0.00024,-3.00E-05,-8.00E-05,0.00014,-0.00046,-0.00025,2,1
7276,-0.00021,1.00E-05,0.00024,-3.00E-05,-8.00E-05,0.00014,-0.00046,-0.00025,2,1
7277,-0.00021,1.00E-05,0.00024,-3.00E-05,-8.00E-05,0.00014,-0.00046,-0.00025,2,1
7278,-0.00021,1.00E-05,0.00024,-3.00E-05,-8.00E-05,0.00014,-0.00046,-0.00025,2,1
7279,-0.00021,1.00E-05,0.00024,-3.00E-05,-8.00E-05,0.00014,-0.00046,-0.00025,2,1
7280,-0.00021,1.00E-05,0.00024,-3.00E-05,-8.00E-05,0.00014,-0.00046,-0.00025,2,1
7281,-0.00021,1.00E-05,0.00024,-3.00E-05,-8.00E-05,0.00014,-0.00046,-0.00025,2,1
7282,-0.00021,1.00E-05,0.00024,-3.00E-05,-8.00E-05,0.00014,-0.00046,-0.00025,2,1
7283,-0.00021,1.00E-05,0.00024,-3.00E-05,-8.00E-05,0.00014,-0.00046,-0.00025,2,1
7284,-0.00021,1.00E-05,0.00024,-3.00E-05,-8.00E-05,0.00014,-0.00046,-0.00025,2,1
7285,-0.00021,1.00E-05,0.00024,-3.00E-05,-8.00E-05,0.00014,-0.00046,-0.00025,2,1
7286,-0.00021,1.00E-05,0.00024,-3.00E-05,-8.00E-05,0.00014,-0.00046,-0.00025,2,1
7288,-0.00021,1.00E-05,0.00024,-3.00E-05,-8.00E-05,0.00014,-0.00046,-0.00025,2,1
7289,-0.00021,1.00E-05,0.00024,-3.00E-05,-8.00E-05,0.00014,-0.00046,-0.00025,2,1
7290,-0.00021,1.00E-05,0.00024,-3.00E-05,-8.00E-05,0.00014,-0.00046,-0.00025,2,1
7291,-0.00021,1.00E-05,0.00024,-3.00E-05,-8.00E-05,0.00014,-0.00046,-0.00025,2,1
7292,-0.00021,1.00E-05,0.00024,-3.00E-05,-8.00E-05,0.00014,-0.00046,-0.00025,2,1
7293,-5.00E-04,-0.00025,-0.00067,-0.00026,9.00E-05,1.00E-04,0.00028,-3.00E-04,2,1
7294,-5.00E-04,-0.00025,-0.00067,-0.00026,9.00E-05,1.00E-04,0.00028,-3.00E-04,2,1
7295,-0.00014,-0.00015,-0.00037,-0.00011,0.00027,0.00029,-0.00031,-1.00E-04,2,1
7297,-0.00014,-0.00015,-0.00037,-0.00011,0.00027,0.00029,-0.00031,-1.00E-04,2,1
7298,-0.00014,-0.00015,-0.00037,-0.00011,0.00027,0.00029,-0.00031,-1.00E-04,2,1
7299,-0.00014,-0.00015,-0.00037,-0.00011,0.00027,0.00029,-0.00031,-1.00E-04,2,1
7300,-0.00014,-0.00015,-0.00037,-0.00011,0.00027,0.00029,-0.00031,-1.00E-04,2,1
7301,-0.00014,-0.00015,-0.00037,-0.00011,0.00027,0.00029,-0.00031,-1.00E-04,2,1
7302,-0.00014,-0.00015,-0.00037,-0.00011,0.00027,0.00029,-0.00031,-1.00E-04,2,1
7303,-0.00014,-0.00015,-0.00037,-0.00011,0.00027,0.00029,-0.00031,-1.00E-04,2,1
7304,-0.00014,-0.00015,-0.00037,-0.00011,0.00027,0.00029,-0.00031,-1.00E-04,2,1
7305,-0.00014,-0.00015,-0.00037,-0.00011,0.00027,0.00029,-0.00031,-1.00E-04,2,1
7306,-0.00014,-0.00015,-0.00037,-0.00011,0.00027,0.00029,-0.00031,-1.00E-04,2,1
7307,-0.00014,-0.00015,-0.00037,-0.00011,0.00027,0.00029,-0.00031,-1.00E-04,2,1
7308,-0.00014,-0.00015,-0.00037,-0.00011,0.00027,0.00029,-0.00031,-1.00E-04,2,1
7309,-0.00014,-0.00015,-0.00037,-0.00011,0.00027,0.00029,-0.00031,-1.00E-04,2,1
7310,-0.00014,-0.00015,-0.00037,-0.00011,0.00027,0.00029,-0.00031,-1.00E-04,2,1
7311,-0.00014,-0.00015,-0.00037,-0.00011,0.00027,0.00029,-0.00031,-1.00E-04,2,1
7312,-0.00014,-0.00015,-0.00037,-0.00011,0.00027,0.00029,-0.00031,-1.00E-04,2,1
7313,-0.00014,-0.00015,-0.00037,-0.00011,0.00027,0.00029,-0.00031,-1.00E-04,2,1
7314,-0.00014,-0.00015,-0.00037,-0.00011,0.00027,0.00029,-0.00031,-1.00E-04,2,1
7315,0.00064,0.00039,0.00053,0.00023,0.00016,-1.00E-05,-0.00027,0,2,1
7316,0.00064,0.00039,0.00053,0.00023,0.00016,-1.00E-05,-0.00027,0,2,1
7317,-0.00033,-0.00026,-0.00025,3.00E-05,0.00011,0.00015,0.00037,0,2,1
7318,-0.00033,-0.00026,-0.00025,3.00E-05,0.00011,0.00015,0.00037,0,2,1
7319,-0.00033,-0.00026,-0.00025,3.00E-05,0.00011,0.00015,0.00037,0,2,1
7320,-0.00033,-0.00026,-0.00025,3.00E-05,0.00011,0.00015,0.00037,0,2,1
7321,-0.00033,-0.00026,-0.00025,3.00E-05,0.00011,0.00015,0.00037,0,2,1
7322,-0.00033,-0.00026,-0.00025,3.00E-05,0.00011,0.00015,0.00037,0,2,1
7323,-0.00033,-0.00026,-0.00025,3.00E-05,0.00011,0.00015,0.00037,0,2,1
7324,-0.00033,-0.00026,-0.00025,3.00E-05,0.00011,0.00015,0.00037,0,2,1
7325,-0.00033,-0.00026,-0.00025,3.00E-05,0.00011,0.00015,0.00037,0,2,1
7326,-0.00033,-0.00026,-0.00025,3.00E-05,0.00011,0.00015,0.00037,0,2,1
7327,-0.00033,-0.00026,-0.00025,3.00E-05,0.00011,0.00015,0.00037,0,2,1
7328,-0.00033,-0.00026,-0.00025,3.00E-05,0.00011,0.00015,0.00037,0,2,1
7329,-0.00033,-0.00026,-0.00025,3.00E-05,0.00011,0.00015,0.00037,0,2,1
7330,-0.00033,-0.00026,-0.00025,3.00E-05,0.00011,0.00015,0.00037,0,2,1
7331,-0.00033,-0.00026,-0.00025,3.00E-05,0.00011,0.00015,0.00037,0,2,1
7332,-0.00033,-0.00026,-0.00025,3.00E-05,0.00011,0.00015,0.00037,0,2,1
7333,-0.00033,-0.00026,-0.00025,3.00E-05,0.00011,0.00015,0.00037,0,2,1
7334,-0.00033,-0.00026,-0.00025,3.00E-05,0.00011,0.00015,0.00037,0,2,1
7335,-0.00033,-0.00026,-0.00025,3.00E-05,0.00011,0.00015,0.00037,0,2,1
7336,-0.00033,-0.00026,-0.00025,3.00E-05,0.00011,0.00015,0.00037,0,2,1
7339,-3.00E-05,0.00011,0.00029,0.00013,-4.00E-05,-0.00019,-2.00E-04,-0.00016,2,1
7340,-3.00E-05,0.00011,0.00029,0.00013,-4.00E-05,-0.00019,-2.00E-04,-0.00016,2,1
7341,-3.00E-05,0.00011,0.00029,0.00013,-4.00E-05,-0.00019,-2.00E-04,-0.00016,2,1
7342,-3.00E-05,0.00011,0.00029,0.00013,-4.00E-05,-0.00019,-2.00E-04,-0.00016,2,1
7343,-3.00E-05,0.00011,0.00029,0.00013,-4.00E-05,-0.00019,-2.00E-04,-0.00016,2,1
7344,-3.00E-05,0.00011,0.00029,0.00013,-4.00E-05,-0.00019,-2.00E-04,-0.00016,2,1
7345,-3.00E-05,0.00011,0.00029,0.00013,-4.00E-05,-0.00019,-2.00E-04,-0.00016,2,1
7346,-3.00E-05,0.00011,0.00029,0.00013,-4.00E-05,-0.00019,-2.00E-04,-0.00016,2,1
7347,-3.00E-05,0.00011,0.00029,0.00013,-4.00E-05,-0.00019,-2.00E-04,-0.00016,2,1
7348,-3.00E-05,0.00011,0.00029,0.00013,-4.00E-05,-0.00019,-2.00E-04,-0.00016,2,1
7349,-3.00E-05,0.00011,0.00029,0.00013,-4.00E-05,-0.00019,-2.00E-04,-0.00016,2,1
7350,-3.00E-05,0.00011,0.00029,0.00013,-4.00E-05,-0.00019,-2.00E-04,-0.00016,2,1
7351,-3.00E-05,0.00011,0.00029,0.00013,-4.00E-05,-0.00019,-2.00E-04,-0.00016,2,1
7352,-3.00E-05,0.00011,0.00029,0.00013,-4.00E-05,-0.00019,-2.00E-04,-0.00016,2,1
7353,-3.00E-05,0.00011,0.00029,0.00013,-4.00E-05,-0.00019,-2.00E-04,-0.00016,2,1
7354,-3.00E-05,0.00011,0.00029,0.00013,-4.00E-05,-0.00019,-2.00E-04,-0.00016,2,1
7355,-3.00E-05,0.00011,0.00029,0.00013,-4.00E-05,-0.00019,-2.00E-04,-0.00016,2,1
7356,-3.00E-05,0.00011,0.00029,0.00013,-4.00E-05,-0.00019,-2.00E-04,-0.00016,2,1
7357,-3.00E-05,0.00011,0.00029,0.00013,-4.00E-05,-0.00019,-2.00E-04,-0.00016,2,1
7358,-3.00E-05,0.00011,0.00029,0.00013,-4.00E-05,-0.00019,-2.00E-04,-0.00016,2,1
7359,-3.00E-05,0.00011,0.00029,0.00013,-4.00E-05,-0.00019,-2.00E-04,-0.00016,2,1
7360,-3.00E-05,0.00011,0.00029,0.00013,-4.00E-05,-0.00019,-2.00E-04,-0.00016,2,1
7361,-3.00E-05,0.00011,0.00029,0.00013,-4.00E-05,-0.00019,-2.00E-04,-0.00016,2,1
7362,-3.00E-05,0.00011,0.00029,0.00013,-4.00E-05,-0.00019,-2.00E-04,-0.00016,2,1
7363,-3.00E-05,0.00011,0.00029,0.00013,-4.00E-05,-0.00019,-2.00E-04,-0.00016,2,1
7364,-3.00E-05,0.00011,0.00029,0.00013,-4.00E-05,-0.00019,-2.00E-04,-0.00016,2,1
7365,-3.00E-05,0.00011,0.00029,0.00013,-4.00E-05,-0.00019,-2.00E-04,-0.00016,2,1
7366,-3.00E-05,0.00011,0.00029,0.00013,-4.00E-05,-0.00019,-2.00E-04,-0.00016,2,1
7367,-3.00E-05,0.00011,0.00029,0.00013,-4.00E-05,-0.00019,-2.00E-04,-0.00016,2,1
7368,-0.00045,1.00E-05,4.00E-05,-7.00E-05,4.00E-05,0,-0.00028,-0.00037,2,1
7369,0.00014,0.00024,2.00E-04,0.00013,2.00E-05,8.00E-05,1.00E-04,0.00011,2,1
7370,0.00014,0.00024,2.00E-04,0.00013,2.00E-05,8.00E-05,1.00E-04,0.00011,2,1
7371,0.00014,0.00024,2.00E-04,0.00013,2.00E-05,8.00E-05,1.00E-04,0.00011,2,1
7372,0.00014,0.00024,2.00E-04,0.00013,2.00E-05,8.00E-05,1.00E-04,0.00011,2,1
7373,0.00014,0.00024,2.00E-04,0.00013,2.00E-05,8.00E-05,1.00E-04,0.00011,2,1
7374,0.00014,0.00024,2.00E-04,0.00013,2.00E-05,8.00E-05,1.00E-04,0.00011,2,1
7375,0.00014,0.00024,2.00E-04,0.00013,2.00E-05,8.00E-05,1.00E-04,0.00011,2,1
7376,0.00014,0.00024,2.00E-04,0.00013,2.00E-05,8.00E-05,1.00E-04,0.00011,2,1
7377,0.00014,0.00024,2.00E-04,0.00013,2.00E-05,8.00E-05,1.00E-04,0.00011,2,1
7378,0.00014,0.00024,2.00E-04,0.00013,2.00E-05,8.00E-05,1.00E-04,0.00011,2,1
7379,0.00014,0.00024,2.00E-04,0.00013,2.00E-05,8.00E-05,1.00E-04,0.00011,2,1
7380,0.00014,0.00024,2.00E-04,0.00013,2.00E-05,8.00E-05,1.00E-04,0.00011,2,1
7381,0.00014,0.00024,2.00E-04,0.00013,2.00E-05,8.00E-05,1.00E-04,0.00011,2,1
7382,0.00014,0.00024,2.00E-04,0.00013,2.00E-05,8.00E-05,1.00E-04,0.00011,2,1
7383,0.00014,0.00024,2.00E-04,0.00013,2.00E-05,8.00E-05,1.00E-04,0.00011,2,1
7384,0.00014,0.00024,2.00E-04,0.00013,2.00E-05,8.00E-05,1.00E-04,0.00011,2,1
7385,0.00014,0.00024,2.00E-04,0.00013,2.00E-05,8.00E-05,1.00E-04,0.00011,2,1
7386,0.00014,0.00024,2.00E-04,0.00013,2.00E-05,8.00E-05,1.00E-04,0.00011,2,1
7388,0.00014,0.00024,2.00E-04,0.00013,2.00E-05,8.00E-05,1.00E-04,0.00011,2,1
7389,0.00014,0.00024,2.00E-04,0.00013,2.00E-05,8.00E-05,1.00E-04,0.00011,2,1
7390,0.00014,0.00024,2.00E-04,0.00013,2.00E-05,8.00E-05,1.00E-04,0.00011,2,1
7391,-0.00062,-0.00033,-0.00045,-0.00012,3.00E-05,-0.00016,-0.00034,-0.00054,2,1
7392,-0.00062,-0.00033,-0.00045,-0.00012,3.00E-05,-0.00016,-0.00034,-0.00054,2,1
7393,-7.00E-05,2.00E-05,-0.00012,-4.00E-05,6.00E-05,-6.00E-05,-0.00027,-0.00047,2,1
7394,-7.00E-05,2.00E-05,-0.00012,-4.00E-05,6.00E-05,-6.00E-05,-0.00027,-0.00047,2,1
7395,-7.00E-05,2.00E-05,-0.00012,-4.00E-05,6.00E-05,-6.00E-05,-0.00027,-0.00047,2,1
7396,-7.00E-05,2.00E-05,-0.00012,-4.00E-05,6.00E-05,-6.00E-05,-0.00027,-0.00047,2,1
7397,-7.00E-05,2.00E-05,-0.00012,-4.00E-05,6.00E-05,-6.00E-05,-0.00027,-0.00047,2,1
7398,-7.00E-05,2.00E-05,-0.00012,-4.00E-05,6.00E-05,-6.00E-05,-0.00027,-0.00047,2,1
7399,-7.00E-05,2.00E-05,-0.00012,-4.00E-05,6.00E-05,-6.00E-05,-0.00027,-0.00047,2,1
7400,-7.00E-05,2.00E-05,-0.00012,-4.00E-05,6.00E-05,-6.00E-05,-0.00027,-0.00047,2,1
7401,-7.00E-05,2.00E-05,-0.00012,-4.00E-05,6.00E-05,-6.00E-05,-0.00027,-0.00047,2,1
7402,-7.00E-05,2.00E-05,-0.00012,-4.00E-05,6.00E-05,-6.00E-05,-0.00027,-0.00047,2,1
7403,-0.00039,2.00E-05,0.00055,0.00037,0.00011,-9.00E-05,2.00E-05,0.00016,2,1
7404,-0.00039,2.00E-05,0.00055,0.00037,0.00011,-9.00E-05,2.00E-05,0.00016,2,1
7405,-0.00039,2.00E-05,0.00055,0.00037,0.00011,-9.00E-05,2.00E-05,0.00016,2,1
7406,-0.00039,2.00E-05,0.00055,0.00037,0.00011,-9.00E-05,2.00E-05,0.00016,2,1
7407,-0.00039,2.00E-05,0.00055,0.00037,0.00011,-9.00E-05,2.00E-05,0.00016,2,1
7408,-0.00039,2.00E-05,0.00055,0.00037,0.00011,-9.00E-05,2.00E-05,0.00016,2,1
7409,-0.00039,2.00E-05,0.00055,0.00037,0.00011,-9.00E-05,2.00E-05,0.00016,2,1
7410,-0.00039,2.00E-05,0.00055,0.00037,0.00011,-9.00E-05,2.00E-05,0.00016,2,1
7411,-0.00039,2.00E-05,0.00055,0.00037,0.00011,-9.00E-05,2.00E-05,0.00016,2,1
7412,-0.00039,2.00E-05,0.00055,0.00037,0.00011,-9.00E-05,2.00E-05,0.00016,2,1
7413,1.00E-05,-0.00014,-0.00015,1.00E-05,-0.00013,-0.00015,-1.00E-04,5.00E-05,2,1
7414,1.00E-05,-0.00014,-0.00015,1.00E-05,-0.00013,-0.00015,-1.00E-04,5.00E-05,2,1
7415,1.00E-05,-0.00014,-0.00015,1.00E-05,-0.00013,-0.00015,-1.00E-04,5.00E-05,2,1
7416,1.00E-05,-0.00014,-0.00015,1.00E-05,-0.00013,-0.00015,-1.00E-04,5.00E-05,2,1
7417,1.00E-05,-0.00014,-0.00015,1.00E-05,-0.00013,-0.00015,-1.00E-04,5.00E-05,2,1
7418,1.00E-05,-0.00014,-0.00015,1.00E-05,-0.00013,-0.00015,-1.00E-04,5.00E-05,2,1
7419,1.00E-05,-0.00014,-0.00015,1.00E-05,-0.00013,-0.00015,-1.00E-04,5.00E-05,2,1
7420,1.00E-05,-0.00014,-0.00015,1.00E-05,-0.00013,-0.00015,-1.00E-04,5.00E-05,2,1
7421,1.00E-05,-0.00014,-0.00015,1.00E-05,-0.00013,-0.00015,-1.00E-04,5.00E-05,2,1
7422,1.00E-05,-0.00014,-0.00015,1.00E-05,-0.00013,-0.00015,-1.00E-04,5.00E-05,2,1
7423,1.00E-05,-0.00014,-0.00015,1.00E-05,-0.00013,-0.00015,-1.00E-04,5.00E-05,2,1
7424,1.00E-05,-0.00014,-0.00015,1.00E-05,-0.00013,-0.00015,-1.00E-04,5.00E-05,2,1
7425,1.00E-05,-0.00014,-0.00015,1.00E-05,-0.00013,-0.00015,-1.00E-04,5.00E-05,2,1
7426,1.00E-05,-0.00014,-0.00015,1.00E-05,-0.00013,-0.00015,-1.00E-04,5.00E-05,2,1
7427,1.00E-05,-0.00014,-0.00015,1.00E-05,-0.00013,-0.00015,-1.00E-04,5.00E-05,2,1
7428,1.00E-05,-0.00014,-0.00015,1.00E-05,-0.00013,-0.00015,-1.00E-04,5.00E-05,2,1
7429,1.00E-05,-0.00014,-0.00015,1.00E-05,-0.00013,-0.00015,-1.00E-04,5.00E-05,2,1
7430,1.00E-05,-0.00014,-0.00015,1.00E-05,-0.00013,-0.00015,-1.00E-04,5.00E-05,2,1
7431,1.00E-05,-0.00014,-0.00015,1.00E-05,-0.00013,-0.00015,-1.00E-04,5.00E-05,2,1
7432,1.00E-05,-0.00014,-0.00015,1.00E-05,-0.00013,-0.00015,-1.00E-04,5.00E-05,2,1
7433,1.00E-05,-0.00014,-0.00015,1.00E-05,-0.00013,-0.00015,-1.00E-04,5.00E-05,2,1
7434,1.00E-05,-0.00014,-0.00015,1.00E-05,-0.00013,-0.00015,-1.00E-04,5.00E-05,2,1
7435,1.00E-05,-0.00014,-0.00015,1.00E-05,-0.00013,-0.00015,-1.00E-04,5.00E-05,2,1
7436,1.00E-05,-0.00014,-0.00015,1.00E-05,-0.00013,-0.00015,-1.00E-04,5.00E-05,2,1
7438,1.00E-05,-0.00014,-0.00015,1.00E-05,-0.00013,-0.00015,-1.00E-04,5.00E-05,2,1
7439,1.00E-05,-0.00014,-0.00015,1.00E-05,-0.00013,-0.00015,-1.00E-04,5.00E-05,2,1
7440,1.00E-05,-0.00014,-0.00015,1.00E-05,-0.00013,-0.00015,-1.00E-04,5.00E-05,2,1
7441,1.00E-05,-0.00014,-0.00015,1.00E-05,-0.00013,-0.00015,-1.00E-04,5.00E-05,2,1
7442,1.00E-05,-0.00014,-0.00015,1.00E-05,-0.00013,-0.00015,-1.00E-04,5.00E-05,2,1
7443,0.00032,1.00E-04,-9.00E-05,-5.00E-05,-0.00013,-7.00E-05,-5.00E-05,-2.00E-05,2,1
7444,5.00E-05,0.00015,0.00055,0.00016,0.00011,5.00E-05,0.00031,0.00015,2,1
7445,5.00E-05,0.00015,0.00055,0.00016,0.00011,5.00E-05,0.00031,0.00015,2,1
7446,5.00E-05,0.00015,0.00055,0.00016,0.00011,5.00E-05,0.00031,0.00015,2,1
7447,5.00E-05,0.00015,0.00055,0.00016,0.00011,5.00E-05,0.00031,0.00015,2,1
7448,5.00E-05,0.00015,0.00055,0.00016,0.00011,5.00E-05,0.00031,0.00015,2,1
7449,5.00E-05,0.00015,0.00055,0.00016,0.00011,5.00E-05,0.00031,0.00015,2,1
7450,5.00E-05,0.00015,0.00055,0.00016,0.00011,5.00E-05,0.00031,0.00015,2,1
7451,5.00E-05,0.00015,0.00055,0.00016,0.00011,5.00E-05,0.00031,0.00015,2,1
7452,5.00E-05,0.00015,0.00055,0.00016,0.00011,5.00E-05,0.00031,0.00015,2,1
7453,5.00E-05,0.00015,0.00055,0.00016,0.00011,5.00E-05,0.00031,0.00015,2,1
7454,5.00E-05,0.00015,0.00055,0.00016,0.00011,5.00E-05,0.00031,0.00015,2,1
7455,5.00E-05,0.00015,0.00055,0.00016,0.00011,5.00E-05,0.00031,0.00015,2,1
7456,5.00E-05,0.00015,0.00055,0.00016,0.00011,5.00E-05,0.00031,0.00015,2,1
7457,5.00E-05,0.00015,0.00055,0.00016,0.00011,5.00E-05,0.00031,0.00015,2,1
7458,5.00E-05,0.00015,0.00055,0.00016,0.00011,5.00E-05,0.00031,0.00015,2,1
7459,5.00E-05,0.00015,0.00055,0.00016,0.00011,5.00E-05,0.00031,0.00015,2,1
7460,5.00E-05,0.00015,0.00055,0.00016,0.00011,5.00E-05,0.00031,0.00015,2,1
7461,5.00E-05,0.00015,0.00055,0.00016,0.00011,5.00E-05,0.00031,0.00015,2,1
7462,5.00E-05,0.00015,0.00055,0.00016,0.00011,5.00E-05,0.00031,0.00015,2,1
7463,5.00E-05,0.00015,0.00055,0.00016,0.00011,5.00E-05,0.00031,0.00015,2,1
7464,5.00E-05,0.00015,0.00055,0.00016,0.00011,5.00E-05,0.00031,0.00015,2,1
7465,1.00E-05,-0.00012,-0.00029,-0.00029,-0.00019,-0.00011,8.00E-05,0.00016,2,1
7466,-0.00062,-0.00016,0.00011,-0.00018,-0.00027,-0.00031,0.00013,-0.00033,2,1
7467,0.00028,0.00012,9.00E-05,0.00019,0.00014,3.00E-04,-3.00E-05,-6.00E-05,2,1
7468,0.00028,0.00012,9.00E-05,0.00019,0.00014,3.00E-04,-3.00E-05,-6.00E-05,2,1
7469,0.00028,0.00012,9.00E-05,0.00019,0.00014,3.00E-04,-3.00E-05,-6.00E-05,2,1
7470,0.00028,0.00012,9.00E-05,0.00019,0.00014,3.00E-04,-3.00E-05,-6.00E-05,2,1
7471,0.00028,0.00012,9.00E-05,0.00019,0.00014,3.00E-04,-3.00E-05,-6.00E-05,2,1
7472,0.00028,0.00012,9.00E-05,0.00019,0.00014,3.00E-04,-3.00E-05,-6.00E-05,2,1
7473,0.00028,0.00012,9.00E-05,0.00019,0.00014,3.00E-04,-3.00E-05,-6.00E-05,2,1
7474,0.00028,0.00012,9.00E-05,0.00019,0.00014,3.00E-04,-3.00E-05,-6.00E-05,2,1
7475,0.00028,0.00012,9.00E-05,0.00019,0.00014,3.00E-04,-3.00E-05,-6.00E-05,2,1
7476,0.00028,0.00012,9.00E-05,0.00019,0.00014,3.00E-04,-3.00E-05,-6.00E-05,2,1
7477,0.00028,0.00012,9.00E-05,0.00019,0.00014,3.00E-04,-3.00E-05,-6.00E-05,2,1
7478,0.00028,0.00012,9.00E-05,0.00019,0.00014,3.00E-04,-3.00E-05,-6.00E-05,2,1
7479,-0.00024,5.00E-05,0.00021,0.00014,0.00012,0.00017,2.00E-05,6.00E-05,2,1
7480,-0.00024,5.00E-05,0.00021,0.00014,0.00012,0.00017,2.00E-05,6.00E-05,2,1
7481,-0.00024,5.00E-05,0.00021,0.00014,0.00012,0.00017,2.00E-05,6.00E-05,2,1
7482,-0.00024,5.00E-05,0.00021,0.00014,0.00012,0.00017,2.00E-05,6.00E-05,2,1
7483,-0.00024,5.00E-05,0.00021,0.00014,0.00012,0.00017,2.00E-05,6.00E-05,2,1
7484,-0.00024,5.00E-05,0.00021,0.00014,0.00012,0.00017,2.00E-05,6.00E-05,2,1
7485,-0.00024,5.00E-05,0.00021,0.00014,0.00012,0.00017,2.00E-05,6.00E-05,2,1
7486,-0.00024,5.00E-05,0.00021,0.00014,0.00012,0.00017,2.00E-05,6.00E-05,2,1
7488,-0.00024,5.00E-05,0.00021,0.00014,0.00012,0.00017,2.00E-05,6.00E-05,2,1
7489,-0.00024,5.00E-05,0.00021,0.00014,0.00012,0.00017,2.00E-05,6.00E-05,2,1
7490,-0.00024,5.00E-05,0.00021,0.00014,0.00012,0.00017,2.00E-05,6.00E-05,2,1
7491,-0.00024,5.00E-05,0.00021,0.00014,0.00012,0.00017,2.00E-05,6.00E-05,2,1
7492,-0.00024,5.00E-05,0.00021,0.00014,0.00012,0.00017,2.00E-05,6.00E-05,2,1
7493,0.00028,2.00E-04,0.00014,2.00E-05,-0.00029,-0.00027,-0.00021,-9.00E-05,2,1
7494,-0.00041,-2.00E-04,-0.00013,-5.00E-05,-3.00E-05,-0.00012,3.00E-05,1.00E-04,2,1
7495,-0.00041,-2.00E-04,-0.00013,-5.00E-05,-3.00E-05,-0.00012,3.00E-05,1.00E-04,2,1
7496,-0.00041,-2.00E-04,-0.00013,-5.00E-05,-3.00E-05,-0.00012,3.00E-05,1.00E-04,2,1
7497,-0.00041,-2.00E-04,-0.00013,-5.00E-05,-3.00E-05,-0.00012,3.00E-05,1.00E-04,2,1
7498,-0.00041,-2.00E-04,-0.00013,-5.00E-05,-3.00E-05,-0.00012,3.00E-05,1.00E-04,2,1
7499,-0.00041,-2.00E-04,-0.00013,-5.00E-05,-3.00E-05,-0.00012,3.00E-05,1.00E-04,2,1
7500,-0.00041,-2.00E-04,-0.00013,-5.00E-05,-3.00E-05,-0.00012,3.00E-05,1.00E-04,2,1
7501,-0.00041,-2.00E-04,-0.00013,-5.00E-05,-3.00E-05,-0.00012,3.00E-05,1.00E-04,2,1
7502,-0.00041,-2.00E-04,-0.00013,-5.00E-05,-3.00E-05,-0.00012,3.00E-05,1.00E-04,2,1
7503,-0.00041,-2.00E-04,-0.00013,-5.00E-05,-3.00E-05,-0.00012,3.00E-05,1.00E-04,2,1
7504,-0.00041,-2.00E-04,-0.00013,-5.00E-05,-3.00E-05,-0.00012,3.00E-05,1.00E-04,2,1
7505,-0.00041,-2.00E-04,-0.00013,-5.00E-05,-3.00E-05,-0.00012,3.00E-05,1.00E-04,2,1
7506,-0.00041,-2.00E-04,-0.00013,-5.00E-05,-3.00E-05,-0.00012,3.00E-05,1.00E-04,2,1
7507,-0.00041,-2.00E-04,-0.00013,-5.00E-05,-3.00E-05,-0.00012,3.00E-05,1.00E-04,2,1
7508,-0.00041,-2.00E-04,-0.00013,-5.00E-05,-3.00E-05,-0.00012,3.00E-05,1.00E-04,2,1
7509,-0.00041,-2.00E-04,-0.00013,-5.00E-05,-3.00E-05,-0.00012,3.00E-05,1.00E-04,2,1
7510,-0.00041,-2.00E-04,-0.00013,-5.00E-05,-3.00E-05,-0.00012,3.00E-05,1.00E-04,2,1
7511,-0.00041,-2.00E-04,-0.00013,-5.00E-05,-3.00E-05,-0.00012,3.00E-05,1.00E-04,2,1
7512,-0.00041,-2.00E-04,-0.00013,-5.00E-05,-3.00E-05,-0.00012,3.00E-05,1.00E-04,2,1
7513,-0.00041,-2.00E-04,-0.00013,-5.00E-05,-3.00E-05,-0.00012,3.00E-05,1.00E-04,2,1
7514,-0.00041,-2.00E-04,-0.00013,-5.00E-05,-3.00E-05,-0.00012,3.00E-05,1.00E-04,2,1
7515,-0.00041,-2.00E-04,-0.00013,-5.00E-05,-3.00E-05,-0.00012,3.00E-05,1.00E-04,2,1
7516,-0.00041,-2.00E-04,-0.00013,-5.00E-05,-3.00E-05,-0.00012,3.00E-05,1.00E-04,2,1
7517,-0.00041,-2.00E-04,-0.00013,-5.00E-05,-3.00E-05,-0.00012,3.00E-05,1.00E-04,2,1
7518,0.00026,6.00E-05,5.00E-05,-0.00012,-0.00031,-0.00023,-8.00E-05,-2.00E-05,2,1
7519,0.00026,6.00E-05,5.00E-05,-0.00012,-0.00031,-0.00023,-8.00E-05,-2.00E-05,2,1
7520,0.00043,0.00012,-0.00011,-0.00014,0.00018,0.00055,5.00E-04,0.00023,2,1
7521,0.00043,0.00012,-0.00011,-0.00014,0.00018,0.00055,5.00E-04,0.00023,2,1
7522,0.00043,0.00012,-0.00011,-0.00014,0.00018,0.00055,5.00E-04,0.00023,2,1
7523,0.00043,0.00012,-0.00011,-0.00014,0.00018,0.00055,5.00E-04,0.00023,2,1
7524,0.00043,0.00012,-0.00011,-0.00014,0.00018,0.00055,5.00E-04,0.00023,2,1
7525,0.00043,0.00012,-0.00011,-0.00014,0.00018,0.00055,5.00E-04,0.00023,2,1
7526,0.00043,0.00012,-0.00011,-0.00014,0.00018,0.00055,5.00E-04,0.00023,2,1
7527,0.00043,0.00012,-0.00011,-0.00014,0.00018,0.00055,5.00E-04,0.00023,2,1
7528,0.00043,0.00012,-0.00011,-0.00014,0.00018,0.00055,5.00E-04,0.00023,2,1
7529,0.00043,0.00012,-0.00011,-0.00014,0.00018,0.00055,5.00E-04,0.00023,2,1
7530,0.00043,0.00012,-0.00011,-0.00014,0.00018,0.00055,5.00E-04,0.00023,2,1
7531,0.00043,0.00012,-0.00011,-0.00014,0.00018,0.00055,5.00E-04,0.00023,2,1
7532,0.00016,2.00E-04,0.00029,-5.00E-05,-0.00031,-0.00032,-8.00E-05,0.00011,2,1
7533,0.00016,2.00E-04,0.00029,-5.00E-05,-0.00031,-0.00032,-8.00E-05,0.00011,2,1
7534,5.00E-05,-7.00E-05,-3.00E-05,0,-0.00016,-0.00034,0.00011,0.00011,2,1
7535,5.00E-05,-7.00E-05,-3.00E-05,0,-0.00016,-0.00034,0.00011,0.00011,2,1
7536,5.00E-05,-7.00E-05,-3.00E-05,0,-0.00016,-0.00034,0.00011,0.00011,2,1
7538,5.00E-05,-7.00E-05,-3.00E-05,0,-0.00016,-0.00034,0.00011,0.00011,2,1
7539,5.00E-05,-7.00E-05,-3.00E-05,0,-0.00016,-0.00034,0.00011,0.00011,2,1
7540,5.00E-05,-7.00E-05,-3.00E-05,0,-0.00016,-0.00034,0.00011,0.00011,2,1
7541,5.00E-05,-7.00E-05,-3.00E-05,0,-0.00016,-0.00034,0.00011,0.00011,2,1
7542,5.00E-05,-7.00E-05,-3.00E-05,0,-0.00016,-0.00034,0.00011,0.00011,2,1
7543,5.00E-05,-7.00E-05,-3.00E-05,0,-0.00016,-0.00034,0.00011,0.00011,2,1
7544,5.00E-05,-7.00E-05,-3.00E-05,0,-0.00016,-0.00034,0.00011,0.00011,2,1
7545,5.00E-05,-7.00E-05,-3.00E-05,0,-0.00016,-0.00034,0.00011,0.00011,2,1
7546,5.00E-05,-7.00E-05,-3.00E-05,0,-0.00016,-0.00034,0.00011,0.00011,2,1
7547,5.00E-05,-7.00E-05,-3.00E-05,0,-0.00016,-0.00034,0.00011,0.00011,2,1
7548,5.00E-05,-7.00E-05,-3.00E-05,0,-0.00016,-0.00034,0.00011,0.00011,2,1
7549,5.00E-05,-7.00E-05,-3.00E-05,0,-0.00016,-0.00034,0.00011,0.00011,2,1
7550,5.00E-05,-7.00E-05,-3.00E-05,0,-0.00016,-0.00034,0.00011,0.00011,2,1
7551,5.00E-05,-7.00E-05,-3.00E-05,0,-0.00016,-0.00034,0.00011,0.00011,2,1
7552,5.00E-05,-7.00E-05,-3.00E-05,0,-0.00016,-0.00034,0.00011,0.00011,2,1
7553,5.00E-05,-7.00E-05,-3.00E-05,0,-0.00016,-0.00034,0.00011,0.00011,2,1
7554,5.00E-05,-7.00E-05,-3.00E-05,0,-0.00016,-0.00034,0.00011,0.00011,2,1
7555,5.00E-05,-7.00E-05,-3.00E-05,0,-0.00016,-0.00034,0.00011,0.00011,2,1
7556,5.00E-05,-7.00E-05,-3.00E-05,0,-0.00016,-0.00034,0.00011,0.00011,2,1
7557,5.00E-05,-7.00E-05,-3.00E-05,0,-0.00016,-0.00034,0.00011,0.00011,2,1
7558,5.00E-05,-7.00E-05,-3.00E-05,0,-0.00016,-0.00034,0.00011,0.00011,2,1
7559,5.00E-05,-7.00E-05,-3.00E-05,0,-0.00016,-0.00034,0.00011,0.00011,2,1
7560,5.00E-05,-7.00E-05,-3.00E-05,0,-0.00016,-0.00034,0.00011,0.00011,2,1
7561,5.00E-05,-7.00E-05,-3.00E-05,0,-0.00016,-0.00034,0.00011,0.00011,2,1
7562,5.00E-05,-7.00E-05,-3.00E-05,0,-0.00016,-0.00034,0.00011,0.00011,2,1
7563,5.00E-05,-7.00E-05,-3.00E-05,0,-0.00016,-0.00034,0.00011,0.00011,2,1
7564,5.00E-05,-7.00E-05,-3.00E-05,0,-0.00016,-0.00034,0.00011,0.00011,2,1
7565,5.00E-05,-7.00E-05,-3.00E-05,0,-0.00016,-0.00034,0.00011,0.00011,2,1
7566,5.00E-05,-7.00E-05,-3.00E-05,0,-0.00016,-0.00034,0.00011,0.00011,2,1
7567,5.00E-05,-7.00E-05,-3.00E-05,0,-0.00016,-0.00034,0.00011,0.00011,2,1
7568,5.00E-05,-7.00E-05,-3.00E-05,0,-0.00016,-0.00034,0.00011,0.00011,2,1
7569,5.00E-05,-7.00E-05,-3.00E-05,0,-0.00016,-0.00034,0.00011,0.00011,2,1
7570,-0.00011,-6.00E-05,-3.00E-05,3.00E-05,0.00016,0.00015,7.00E-05,-1.00E-04,2,1
7571,-0.00017,-0.00013,-0.00014,9.00E-05,0.00025,4.00E-05,-6.00E-05,-4.00E-05,2,1
7572,-0.00017,-0.00013,-0.00014,9.00E-05,0.00025,4.00E-05,-6.00E-05,-4.00E-05,2,1
7573,-0.00017,-0.00013,-0.00014,9.00E-05,0.00025,4.00E-05,-6.00E-05,-4.00E-05,2,1
7574,-0.00017,-0.00013,-0.00014,9.00E-05,0.00025,4.00E-05,-6.00E-05,-4.00E-05,2,1
7575,-0.00017,-0.00013,-0.00014,9.00E-05,0.00025,4.00E-05,-6.00E-05,-4.00E-05,2,1
7576,-0.00017,-0.00013,-0.00014,9.00E-05,0.00025,4.00E-05,-6.00E-05,-4.00E-05,2,1
7577,-0.00017,-0.00013,-0.00014,9.00E-05,0.00025,4.00E-05,-6.00E-05,-4.00E-05,2,1
7578,-0.00017,-0.00013,-0.00014,9.00E-05,0.00025,4.00E-05,-6.00E-05,-4.00E-05,2,1
7579,-0.00017,-0.00013,-0.00014,9.00E-05,0.00025,4.00E-05,-6.00E-05,-4.00E-05,2,1
7580,-0.00017,-0.00013,-0.00014,9.00E-05,0.00025,4.00E-05,-6.00E-05,-4.00E-05,2,1
7581,-0.00017,-0.00013,-0.00014,9.00E-05,0.00025,4.00E-05,-6.00E-05,-4.00E-05,2,1
7582,-0.00017,-0.00013,-0.00014,9.00E-05,0.00025,4.00E-05,-6.00E-05,-4.00E-05,2,1
7583,-0.00017,-0.00013,-0.00014,9.00E-05,0.00025,4.00E-05,-6.00E-05,-4.00E-05,2,1
7584,-0.00017,-0.00013,-0.00014,9.00E-05,0.00025,4.00E-05,-6.00E-05,-4.00E-05,2,1
7585,-0.00017,-0.00013,-0.00014,9.00E-05,0.00025,4.00E-05,-6.00E-05,-4.00E-05,2,1
7586,-0.00017,-0.00013,-0.00014,9.00E-05,0.00025,4.00E-05,-6.00E-05,-4.00E-05,2,1
7588,-0.00017,-0.00013,-0.00014,9.00E-05,0.00025,4.00E-05,-6.00E-05,-4.00E-05,2,1
7589,-0.00017,-0.00013,-0.00014,9.00E-05,0.00025,4.00E-05,-6.00E-05,-4.00E-05,2,1
7590,-0.00017,-0.00013,-0.00014,9.00E-05,0.00025,4.00E-05,-6.00E-05,-4.00E-05,2,1
7591,-0.00017,-0.00013,-0.00014,9.00E-05,0.00025,4.00E-05,-6.00E-05,-4.00E-05,2,1
7592,-0.00029,-5.00E-05,0.00015,7.00E-05,-6.00E-05,-0.00014,-0.00042,-0.00018,2,1
7593,-0.00029,-5.00E-05,0.00015,7.00E-05,-6.00E-05,-0.00014,-0.00042,-0.00018,2,1
7594,3.00E-05,-5.00E-05,4.00E-05,-0.00019,-0.00034,-0.00025,-6.00E-05,-1.00E-04,2,1
7595,3.00E-05,-5.00E-05,4.00E-05,-0.00019,-0.00034,-0.00025,-6.00E-05,-1.00E-04,2,1
7596,3.00E-05,-5.00E-05,4.00E-05,-0.00019,-0.00034,-0.00025,-6.00E-05,-1.00E-04,2,1
7597,3.00E-05,-5.00E-05,4.00E-05,-0.00019,-0.00034,-0.00025,-6.00E-05,-1.00E-04,2,1
7598,3.00E-05,-5.00E-05,4.00E-05,-0.00019,-0.00034,-0.00025,-6.00E-05,-1.00E-04,2,1
7599,3.00E-05,-5.00E-05,4.00E-05,-0.00019,-0.00034,-0.00025,-6.00E-05,-1.00E-04,2,1
7600,3.00E-05,-5.00E-05,4.00E-05,-0.00019,-0.00034,-0.00025,-6.00E-05,-1.00E-04,2,1
7601,3.00E-05,-5.00E-05,4.00E-05,-0.00019,-0.00034,-0.00025,-6.00E-05,-1.00E-04,2,1
7602,3.00E-05,-5.00E-05,4.00E-05,-0.00019,-0.00034,-0.00025,-6.00E-05,-1.00E-04,2,1
7603,3.00E-05,-5.00E-05,4.00E-05,-0.00019,-0.00034,-0.00025,-6.00E-05,-1.00E-04,2,1
7604,3.00E-05,-5.00E-05,4.00E-05,-0.00019,-0.00034,-0.00025,-6.00E-05,-1.00E-04,2,1
7605,3.00E-05,-5.00E-05,4.00E-05,-0.00019,-0.00034,-0.00025,-6.00E-05,-1.00E-04,2,1
7606,3.00E-05,-5.00E-05,4.00E-05,-0.00019,-0.00034,-0.00025,-6.00E-05,-1.00E-04,2,1
7607,3.00E-05,-5.00E-05,4.00E-05,-0.00019,-0.00034,-0.00025,-6.00E-05,-1.00E-04,2,1
7608,5.00E-05,0.00011,0.00024,8.00E-05,5.00E-05,3.00E-05,7.00E-05,0.00014,2,1
7609,-0.00013,-7.00E-05,-4.00E-05,0.00025,7.00E-05,-0.00022,0.00022,0.00021,2,1
7610,-0.00013,-7.00E-05,-4.00E-05,0.00025,7.00E-05,-0.00022,0.00022,0.00021,2,1
7611,-0.00013,-7.00E-05,-4.00E-05,0.00025,7.00E-05,-0.00022,0.00022,0.00021,2,1
7612,-0.00013,-7.00E-05,-4.00E-05,0.00025,7.00E-05,-0.00022,0.00022,0.00021,2,1
7613,-1.00E-04,-4.00E-05,-1.00E-04,-0.00016,-0.00027,-0.00018,0.00014,-3.00E-05,2,1
7614,-1.00E-04,-4.00E-05,-1.00E-04,-0.00016,-0.00027,-0.00018,0.00014,-3.00E-05,2,1
7615,-1.00E-04,-4.00E-05,-1.00E-04,-0.00016,-0.00027,-0.00018,0.00014,-3.00E-05,2,1
7616,-1.00E-04,-4.00E-05,-1.00E-04,-0.00016,-0.00027,-0.00018,0.00014,-3.00E-05,2,1
7617,-1.00E-04,-4.00E-05,-1.00E-04,-0.00016,-0.00027,-0.00018,0.00014,-3.00E-05,2,1
7618,-1.00E-04,-4.00E-05,-1.00E-04,-0.00016,-0.00027,-0.00018,0.00014,-3.00E-05,2,1
7619,-1.00E-04,-4.00E-05,-1.00E-04,-0.00016,-0.00027,-0.00018,0.00014,-3.00E-05,2,1
7620,-1.00E-04,-4.00E-05,-1.00E-04,-0.00016,-0.00027,-0.00018,0.00014,-3.00E-05,2,1
7622,-1.00E-04,-4.00E-05,-1.00E-04,-0.00016,-0.00027,-0.00018,0.00014,-3.00E-05,2,1
7623,-1.00E-04,-4.00E-05,-1.00E-04,-0.00016,-0.00027,-0.00018,0.00014,-3.00E-05,2,1
7624,-1.00E-04,-4.00E-05,-1.00E-04,-0.00016,-0.00027,-0.00018,0.00014,-3.00E-05,2,1
7625,-1.00E-04,-4.00E-05,-1.00E-04,-0.00016,-0.00027,-0.00018,0.00014,-3.00E-05,2,1
7626,-1.00E-04,-4.00E-05,-1.00E-04,-0.00016,-0.00027,-0.00018,0.00014,-3.00E-05,2,1
7627,-1.00E-04,-4.00E-05,-1.00E-04,-0.00016,-0.00027,-0.00018,0.00014,-3.00E-05,2,1
7628,-1.00E-04,-4.00E-05,-1.00E-04,-0.00016,-0.00027,-0.00018,0.00014,-3.00E-05,2,1
7629,-1.00E-04,-4.00E-05,-1.00E-04,-0.00016,-0.00027,-0.00018,0.00014,-3.00E-05,2,1
7630,-1.00E-04,-4.00E-05,-1.00E-04,-0.00016,-0.00027,-0.00018,0.00014,-3.00E-05,2,1
7631,-1.00E-04,-4.00E-05,-1.00E-04,-0.00016,-0.00027,-0.00018,0.00014,-3.00E-05,2,1
7632,-1.00E-04,-4.00E-05,-1.00E-04,-0.00016,-0.00027,-0.00018,0.00014,-3.00E-05,2,1
7633,-1.00E-04,-4.00E-05,-1.00E-04,-0.00016,-0.00027,-0.00018,0.00014,-3.00E-05,2,1
7634,-1.00E-04,-4.00E-05,-1.00E-04,-0.00016,-0.00027,-0.00018,0.00014,-3.00E-05,2,1
7635,-1.00E-04,-4.00E-05,-1.00E-04,-0.00016,-0.00027,-0.00018,0.00014,-3.00E-05,2,1
7636,-1.00E-04,-4.00E-05,-1.00E-04,-0.00016,-0.00027,-0.00018,0.00014,-3.00E-05,2,1
7638,-1.00E-04,-4.00E-05,-1.00E-04,-0.00016,-0.00027,-0.00018,0.00014,-3.00E-05,2,1
7639,-1.00E-04,-4.00E-05,-1.00E-04,-0.00016,-0.00027,-0.00018,0.00014,-3.00E-05,2,1
7640,-1.00E-04,-4.00E-05,-1.00E-04,-0.00016,-0.00027,-0.00018,0.00014,-3.00E-05,2,1
7641,-1.00E-04,-4.00E-05,-1.00E-04,-0.00016,-0.00027,-0.00018,0.00014,-3.00E-05,2,1
7642,-1.00E-04,-4.00E-05,-1.00E-04,-0.00016,-0.00027,-0.00018,0.00014,-3.00E-05,2,1
7643,-1.00E-04,-4.00E-05,-1.00E-04,-0.00016,-0.00027,-0.00018,0.00014,-3.00E-05,2,1
7644,-1.00E-04,-4.00E-05,-1.00E-04,-0.00016,-0.00027,-0.00018,0.00014,-3.00E-05,2,1
7645,0.00022,0.00017,0.00013,0.00014,8.00E-05,-6.00E-05,7.00E-05,0.00017,2,1
7646,2.00E-04,6.00E-05,0.00015,8.00E-05,5.00E-05,-2.00E-05,5.00E-05,0.00017,2,1
7647,2.00E-04,6.00E-05,0.00015,8.00E-05,5.00E-05,-2.00E-05,5.00E-05,0.00017,2,1
7648,2.00E-04,6.00E-05,0.00015,8.00E-05,5.00E-05,-2.00E-05,5.00E-05,0.00017,2,1
7649,2.00E-04,6.00E-05,0.00015,8.00E-05,5.00E-05,-2.00E-05,5.00E-05,0.00017,2,1
7650,2.00E-04,6.00E-05,0.00015,8.00E-05,5.00E-05,-2.00E-05,5.00E-05,0.00017,2,1
7651,2.00E-04,6.00E-05,0.00015,8.00E-05,5.00E-05,-2.00E-05,5.00E-05,0.00017,2,1
7652,2.00E-04,6.00E-05,0.00015,8.00E-05,5.00E-05,-2.00E-05,5.00E-05,0.00017,2,1
7653,2.00E-04,6.00E-05,0.00015,8.00E-05,5.00E-05,-2.00E-05,5.00E-05,0.00017,2,1
7654,2.00E-04,6.00E-05,0.00015,8.00E-05,5.00E-05,-2.00E-05,5.00E-05,0.00017,2,1
7655,2.00E-04,6.00E-05,0.00015,8.00E-05,5.00E-05,-2.00E-05,5.00E-05,0.00017,2,1
7656,2.00E-04,6.00E-05,0.00015,8.00E-05,5.00E-05,-2.00E-05,5.00E-05,0.00017,2,1
7657,2.00E-04,6.00E-05,0.00015,8.00E-05,5.00E-05,-2.00E-05,5.00E-05,0.00017,2,1
7658,2.00E-04,6.00E-05,0.00015,8.00E-05,5.00E-05,-2.00E-05,5.00E-05,0.00017,2,1
7659,2.00E-04,6.00E-05,0.00015,8.00E-05,5.00E-05,-2.00E-05,5.00E-05,0.00017,2,1
7660,2.00E-04,6.00E-05,0.00015,8.00E-05,5.00E-05,-2.00E-05,5.00E-05,0.00017,2,1
7661,2.00E-04,6.00E-05,0.00015,8.00E-05,5.00E-05,-2.00E-05,5.00E-05,0.00017,2,1
7662,2.00E-04,6.00E-05,0.00015,8.00E-05,5.00E-05,-2.00E-05,5.00E-05,0.00017,2,1
7663,2.00E-04,6.00E-05,0.00015,8.00E-05,5.00E-05,-2.00E-05,5.00E-05,0.00017,2,1
7664,2.00E-04,6.00E-05,0.00015,8.00E-05,5.00E-05,-2.00E-05,5.00E-05,0.00017,2,1
7665,2.00E-04,6.00E-05,0.00015,8.00E-05,5.00E-05,-2.00E-05,5.00E-05,0.00017,2,1
7666,2.00E-04,6.00E-05,0.00015,8.00E-05,5.00E-05,-2.00E-05,5.00E-05,0.00017,2,1
7667,2.00E-04,6.00E-05,0.00015,8.00E-05,5.00E-05,-2.00E-05,5.00E-05,0.00017,2,1
7668,0.00011,-1.00E-05,-0.00015,-0.00022,-0.00012,0.00011,-1.00E-05,-5.00E-05,2,1
7669,-0.00017,-3.00E-05,-6.00E-05,1.00E-04,6.00E-05,0,-0.00017,-0.00021,2,1
7670,-0.00017,-3.00E-05,-6.00E-05,1.00E-04,6.00E-05,0,-0.00017,-0.00021,2,1
7671,-0.00017,-3.00E-05,-6.00E-05,1.00E-04,6.00E-05,0,-0.00017,-0.00021,2,1
7672,-0.00017,-3.00E-05,-6.00E-05,1.00E-04,6.00E-05,0,-0.00017,-0.00021,2,1
7673,-0.00017,-3.00E-05,-6.00E-05,1.00E-04,6.00E-05,0,-0.00017,-0.00021,2,1
7674,-0.00017,-3.00E-05,-6.00E-05,1.00E-04,6.00E-05,0,-0.00017,-0.00021,2,1
7675,-0.00017,-3.00E-05,-6.00E-05,1.00E-04,6.00E-05,0,-0.00017,-0.00021,2,1
7676,-0.00017,-3.00E-05,-6.00E-05,1.00E-04,6.00E-05,0,-0.00017,-0.00021,2,1
7677,-0.00017,-3.00E-05,-6.00E-05,1.00E-04,6.00E-05,0,-0.00017,-0.00021,2,1
7678,-0.00017,-3.00E-05,-6.00E-05,1.00E-04,6.00E-05,0,-0.00017,-0.00021,2,1
7679,-0.00017,-3.00E-05,-6.00E-05,1.00E-04,6.00E-05,0,-0.00017,-0.00021,2,1
7680,-0.00017,-3.00E-05,-6.00E-05,1.00E-04,6.00E-05,0,-0.00017,-0.00021,2,1
7681,-0.00017,-3.00E-05,-6.00E-05,1.00E-04,6.00E-05,0,-0.00017,-0.00021,2,1
7682,2.00E-05,-3.00E-05,-7.00E-05,-2.00E-05,-1.00E-05,1.00E-05,0,-6.00E-05,2,1
7683,2.00E-05,-3.00E-05,-7.00E-05,-2.00E-05,-1.00E-05,1.00E-05,0,-6.00E-05,2,1
7684,-2.00E-04,-0.00022,-0.00045,4.00E-05,0.00021,2.00E-05,-0.00036,-0.00022,2,1
7685,-2.00E-04,-0.00022,-0.00045,4.00E-05,0.00021,2.00E-05,-0.00036,-0.00022,2,1
7686,-2.00E-04,-0.00022,-0.00045,4.00E-05,0.00021,2.00E-05,-0.00036,-0.00022,2,1
7688,-2.00E-04,-0.00022,-0.00045,4.00E-05,0.00021,2.00E-05,-0.00036,-0.00022,2,1
7689,-2.00E-04,-0.00022,-0.00045,4.00E-05,0.00021,2.00E-05,-0.00036,-0.00022,2,1
7690,-2.00E-04,-0.00022,-0.00045,4.00E-05,0.00021,2.00E-05,-0.00036,-0.00022,2,1
7691,-2.00E-04,-0.00022,-0.00045,4.00E-05,0.00021,2.00E-05,-0.00036,-0.00022,2,1
7692,-2.00E-04,-0.00022,-0.00045,4.00E-05,0.00021,2.00E-05,-0.00036,-0.00022,2,1
7693,-2.00E-04,-0.00022,-0.00045,4.00E-05,0.00021,2.00E-05,-0.00036,-0.00022,2,1
7694,-2.00E-04,-0.00022,-0.00045,4.00E-05,0.00021,2.00E-05,-0.00036,-0.00022,2,1
7695,-2.00E-04,-0.00022,-0.00045,4.00E-05,0.00021,2.00E-05,-0.00036,-0.00022,2,1
7696,-2.00E-04,-0.00022,-0.00045,4.00E-05,0.00021,2.00E-05,-0.00036,-0.00022,2,1
7697,-2.00E-04,-0.00022,-0.00045,4.00E-05,0.00021,2.00E-05,-0.00036,-0.00022,2,1
7698,-2.00E-04,-0.00022,-0.00045,4.00E-05,0.00021,2.00E-05,-0.00036,-0.00022,2,1
7699,-2.00E-04,-0.00022,-0.00045,4.00E-05,0.00021,2.00E-05,-0.00036,-0.00022,2,1
7700,-2.00E-04,-0.00022,-0.00045,4.00E-05,0.00021,2.00E-05,-0.00036,-0.00022,2,1
7701,-2.00E-04,-0.00022,-0.00045,4.00E-05,0.00021,2.00E-05,-0.00036,-0.00022,2,1
7702,-2.00E-04,-0.00022,-0.00045,4.00E-05,0.00021,2.00E-05,-0.00036,-0.00022,2,1
7703,-2.00E-04,-0.00022,-0.00045,4.00E-05,0.00021,2.00E-05,-0.00036,-0.00022,2,1
7704,-2.00E-04,-0.00022,-0.00045,4.00E-05,0.00021,2.00E-05,-0.00036,-0.00022,2,1
7705,-2.00E-05,-4.00E-05,-1.00E-04,3.00E-05,5.00E-05,0.00012,0.00021,-1.00E-04,2,1
7706,-0.00038,-1.00E-04,0.00014,-7.00E-05,-0.00023,-4.00E-04,-0.00027,1.00E-05,2,1
7707,-0.00038,-1.00E-04,0.00014,-7.00E-05,-0.00023,-4.00E-04,-0.00027,1.00E-05,2,1
7708,-0.00038,-1.00E-04,0.00014,-7.00E-05,-0.00023,-4.00E-04,-0.00027,1.00E-05,2,1
7709,-0.00038,-1.00E-04,0.00014,-7.00E-05,-0.00023,-4.00E-04,-0.00027,1.00E-05,2,1
7710,-0.00038,-1.00E-04,0.00014,-7.00E-05,-0.00023,-4.00E-04,-0.00027,1.00E-05,2,1
7711,-0.00038,-1.00E-04,0.00014,-7.00E-05,-0.00023,-4.00E-04,-0.00027,1.00E-05,2,1
7712,-0.00038,-1.00E-04,0.00014,-7.00E-05,-0.00023,-4.00E-04,-0.00027,1.00E-05,2,1
7713,-0.00038,-1.00E-04,0.00014,-7.00E-05,-0.00023,-4.00E-04,-0.00027,1.00E-05,2,1
7714,-0.00038,-1.00E-04,0.00014,-7.00E-05,-0.00023,-4.00E-04,-0.00027,1.00E-05,2,1
7715,-0.00038,-1.00E-04,0.00014,-7.00E-05,-0.00023,-4.00E-04,-0.00027,1.00E-05,2,1
7716,-0.00038,-1.00E-04,0.00014,-7.00E-05,-0.00023,-4.00E-04,-0.00027,1.00E-05,2,1
7717,-0.00038,-1.00E-04,0.00014,-7.00E-05,-0.00023,-4.00E-04,-0.00027,1.00E-05,2,1
7718,-0.00038,-1.00E-04,0.00014,-7.00E-05,-0.00023,-4.00E-04,-0.00027,1.00E-05,2,1
7719,-0.00038,-1.00E-04,0.00014,-7.00E-05,-0.00023,-4.00E-04,-0.00027,1.00E-05,2,1
7720,-0.00038,-1.00E-04,0.00014,-7.00E-05,-0.00023,-4.00E-04,-0.00027,1.00E-05,2,1
7721,-0.00038,-1.00E-04,0.00014,-7.00E-05,-0.00023,-4.00E-04,-0.00027,1.00E-05,2,1
7722,-0.00038,-1.00E-04,0.00014,-7.00E-05,-0.00023,-4.00E-04,-0.00027,1.00E-05,2,1
7723,-0.00038,-1.00E-04,0.00014,-7.00E-05,-0.00023,-4.00E-04,-0.00027,1.00E-05,2,1
7724,-0.00038,-1.00E-04,0.00014,-7.00E-05,-0.00023,-4.00E-04,-0.00027,1.00E-05,2,1
7725,-0.00038,-1.00E-04,0.00014,-7.00E-05,-0.00023,-4.00E-04,-0.00027,1.00E-05,2,1
7726,-0.00038,-1.00E-04,0.00014,-7.00E-05,-0.00023,-4.00E-04,-0.00027,1.00E-05,2,1
7727,6.00E-05,-4.00E-05,-0.00023,-0.00022,-6.00E-05,-1.00E-05,-4.00E-05,-1.00E-04,2,1
7728,6.00E-05,-4.00E-05,-0.00023,-0.00022,-6.00E-05,-1.00E-05,-4.00E-05,-1.00E-04,2,1
7729,6.00E-05,-4.00E-05,-0.00023,-0.00022,-6.00E-05,-1.00E-05,-4.00E-05,-1.00E-04,2,1
7730,6.00E-05,-4.00E-05,-0.00023,-0.00022,-6.00E-05,-1.00E-05,-4.00E-05,-1.00E-04,2,1
7731,6.00E-05,-4.00E-05,-0.00023,-0.00022,-6.00E-05,-1.00E-05,-4.00E-05,-1.00E-04,2,1
7732,6.00E-05,-4.00E-05,-0.00023,-0.00022,-6.00E-05,-1.00E-05,-4.00E-05,-1.00E-04,2,1
7733,6.00E-05,-4.00E-05,-0.00023,-0.00022,-6.00E-05,-1.00E-05,-4.00E-05,-1.00E-04,2,1
7734,6.00E-05,-4.00E-05,-0.00023,-0.00022,-6.00E-05,-1.00E-05,-4.00E-05,-1.00E-04,2,1
7735,6.00E-05,-4.00E-05,-0.00023,-0.00022,-6.00E-05,-1.00E-05,-4.00E-05,-1.00E-04,2,1
7736,6.00E-05,-4.00E-05,-0.00023,-0.00022,-6.00E-05,-1.00E-05,-4.00E-05,-1.00E-04,2,1
7738,6.00E-05,-4.00E-05,-0.00023,-0.00022,-6.00E-05,-1.00E-05,-4.00E-05,-1.00E-04,2,1
7739,6.00E-05,-4.00E-05,-0.00023,-0.00022,-6.00E-05,-1.00E-05,-4.00E-05,-1.00E-04,2,1
7740,6.00E-05,-4.00E-05,-0.00023,-0.00022,-6.00E-05,-1.00E-05,-4.00E-05,-1.00E-04,2,1
7741,6.00E-05,-4.00E-05,-0.00023,-0.00022,-6.00E-05,-1.00E-05,-4.00E-05,-1.00E-04,2,1
7742,3.00E-04,8.00E-05,-9.00E-05,-1.00E-05,5.00E-05,0.00057,3.00E-04,0.00021,2,1
7743,3.00E-04,8.00E-05,-9.00E-05,-1.00E-05,5.00E-05,0.00057,3.00E-04,0.00021,2,1
7744,3.00E-04,8.00E-05,-9.00E-05,-1.00E-05,5.00E-05,0.00057,3.00E-04,0.00021,2,1
7745,3.00E-04,8.00E-05,-9.00E-05,-1.00E-05,5.00E-05,0.00057,3.00E-04,0.00021,2,1
7746,3.00E-04,8.00E-05,-9.00E-05,-1.00E-05,5.00E-05,0.00057,3.00E-04,0.00021,2,1
7747,3.00E-04,8.00E-05,-9.00E-05,-1.00E-05,5.00E-05,0.00057,3.00E-04,0.00021,2,1
7748,3.00E-04,8.00E-05,-9.00E-05,-1.00E-05,5.00E-05,0.00057,3.00E-04,0.00021,2,1
7749,3.00E-04,8.00E-05,-9.00E-05,-1.00E-05,5.00E-05,0.00057,3.00E-04,0.00021,2,1
7750,3.00E-04,8.00E-05,-9.00E-05,-1.00E-05,5.00E-05,0.00057,3.00E-04,0.00021,2,1
7751,3.00E-04,8.00E-05,-9.00E-05,-1.00E-05,5.00E-05,0.00057,3.00E-04,0.00021,2,1
7752,3.00E-04,8.00E-05,-9.00E-05,-1.00E-05,5.00E-05,0.00057,3.00E-04,0.00021,2,1
7753,3.00E-04,8.00E-05,-9.00E-05,-1.00E-05,5.00E-05,0.00057,3.00E-04,0.00021,2,1
7754,3.00E-04,8.00E-05,-9.00E-05,-1.00E-05,5.00E-05,0.00057,3.00E-04,0.00021,2,1
7755,3.00E-04,8.00E-05,-9.00E-05,-1.00E-05,5.00E-05,0.00057,3.00E-04,0.00021,2,1
7756,3.00E-04,8.00E-05,-9.00E-05,-1.00E-05,5.00E-05,0.00057,3.00E-04,0.00021,2,1
7757,-0.00018,-0.00011,0.00015,-5.00E-05,-0.00022,-4.00E-05,0.00031,2.00E-05,2,1
7758,-0.00018,-0.00011,0.00015,-5.00E-05,-0.00022,-4.00E-05,0.00031,2.00E-05,2,1
7759,-0.00046,-8.00E-05,-2.00E-05,-1.00E-05,9.00E-05,-7.00E-05,-1.00E-04,-0.00015,2,1
7760,-0.00046,-8.00E-05,-2.00E-05,-1.00E-05,9.00E-05,-7.00E-05,-1.00E-04,-0.00015,2,1
7761,-0.00046,-8.00E-05,-2.00E-05,-1.00E-05,9.00E-05,-7.00E-05,-1.00E-04,-0.00015,2,1
7762,-0.00046,-8.00E-05,-2.00E-05,-1.00E-05,9.00E-05,-7.00E-05,-1.00E-04,-0.00015,2,1
7763,-0.00046,-8.00E-05,-2.00E-05,-1.00E-05,9.00E-05,-7.00E-05,-1.00E-04,-0.00015,2,1
7764,-0.00046,-8.00E-05,-2.00E-05,-1.00E-05,9.00E-05,-7.00E-05,-1.00E-04,-0.00015,2,1
7765,-0.00046,-8.00E-05,-2.00E-05,-1.00E-05,9.00E-05,-7.00E-05,-1.00E-04,-0.00015,2,1
7766,-0.00046,-8.00E-05,-2.00E-05,-1.00E-05,9.00E-05,-7.00E-05,-1.00E-04,-0.00015,2,1
7767,-0.00046,-8.00E-05,-2.00E-05,-1.00E-05,9.00E-05,-7.00E-05,-1.00E-04,-0.00015,2,1
7768,-0.00046,-8.00E-05,-2.00E-05,-1.00E-05,9.00E-05,-7.00E-05,-1.00E-04,-0.00015,2,1
7769,-0.00046,-8.00E-05,-2.00E-05,-1.00E-05,9.00E-05,-7.00E-05,-1.00E-04,-0.00015,2,1
7770,-0.00046,-8.00E-05,-2.00E-05,-1.00E-05,9.00E-05,-7.00E-05,-1.00E-04,-0.00015,2,1
7771,-0.00046,-8.00E-05,-2.00E-05,-1.00E-05,9.00E-05,-7.00E-05,-1.00E-04,-0.00015,2,1
7772,-0.00046,-8.00E-05,-2.00E-05,-1.00E-05,9.00E-05,-7.00E-05,-1.00E-04,-0.00015,2,1
7773,-0.00046,-8.00E-05,-2.00E-05,-1.00E-05,9.00E-05,-7.00E-05,-1.00E-04,-0.00015,2,1
7774,-0.00046,-8.00E-05,-2.00E-05,-1.00E-05,9.00E-05,-7.00E-05,-1.00E-04,-0.00015,2,1
7775,-0.00046,-8.00E-05,-2.00E-05,-1.00E-05,9.00E-05,-7.00E-05,-1.00E-04,-0.00015,2,1
7776,-0.00046,-8.00E-05,-2.00E-05,-1.00E-05,9.00E-05,-7.00E-05,-1.00E-04,-0.00015,2,1
7777,-0.00046,-8.00E-05,-2.00E-05,-1.00E-05,9.00E-05,-7.00E-05,-1.00E-04,-0.00015,2,1
7778,-0.00046,-8.00E-05,-2.00E-05,-1.00E-05,9.00E-05,-7.00E-05,-1.00E-04,-0.00015,2,1
7779,-0.00046,-8.00E-05,-2.00E-05,-1.00E-05,9.00E-05,-7.00E-05,-1.00E-04,-0.00015,2,1
7780,0.00013,-5.00E-05,-0.00022,5.00E-05,0.00026,3.00E-05,0,-3.00E-05,2,1
7781,0.00013,-5.00E-05,-0.00022,5.00E-05,0.00026,3.00E-05,0,-3.00E-05,2,1
7782,-0.00064,-0.00036,-5.00E-05,-8.00E-05,-0.00029,-0.00063,-0.00046,-1.00E-04,2,1
7783,-0.00064,-0.00036,-5.00E-05,-8.00E-05,-0.00029,-0.00063,-0.00046,-1.00E-04,2,1
7784,-0.00064,-0.00036,-5.00E-05,-8.00E-05,-0.00029,-0.00063,-0.00046,-1.00E-04,2,1
7785,-0.00064,-0.00036,-5.00E-05,-8.00E-05,-0.00029,-0.00063,-0.00046,-1.00E-04,2,1
7786,-0.00064,-0.00036,-5.00E-05,-8.00E-05,-0.00029,-0.00063,-0.00046,-1.00E-04,2,1
7788,-0.00064,-0.00036,-5.00E-05,-8.00E-05,-0.00029,-0.00063,-0.00046,-1.00E-04,2,1
7789,-0.00064,-0.00036,-5.00E-05,-8.00E-05,-0.00029,-0.00063,-0.00046,-1.00E-04,2,1
7790,-0.00064,-0.00036,-5.00E-05,-8.00E-05,-0.00029,-0.00063,-0.00046,-1.00E-04,2,1
7791,-0.00064,-0.00036,-5.00E-05,-8.00E-05,-0.00029,-0.00063,-0.00046,-1.00E-04,2,1
7792,-0.00064,-0.00036,-5.00E-05,-8.00E-05,-0.00029,-0.00063,-0.00046,-1.00E-04,2,1
7793,-0.00064,-0.00036,-5.00E-05,-8.00E-05,-0.00029,-0.00063,-0.00046,-1.00E-04,2,1
7794,-0.00064,-0.00036,-5.00E-05,-8.00E-05,-0.00029,-0.00063,-0.00046,-1.00E-04,2,1
7795,-0.00064,-0.00036,-5.00E-05,-8.00E-05,-0.00029,-0.00063,-0.00046,-1.00E-04,2,1
7796,-0.00064,-0.00036,-5.00E-05,-8.00E-05,-0.00029,-0.00063,-0.00046,-1.00E-04,2,1
7797,-0.00064,-0.00036,-5.00E-05,-8.00E-05,-0.00029,-0.00063,-0.00046,-1.00E-04,2,1
7798,-0.00064,-0.00036,-5.00E-05,-8.00E-05,-0.00029,-0.00063,-0.00046,-1.00E-04,2,1
7799,-0.00064,-0.00036,-5.00E-05,-8.00E-05,-0.00029,-0.00063,-0.00046,-1.00E-04,2,1
7800,-0.00064,-0.00036,-5.00E-05,-8.00E-05,-0.00029,-0.00063,-0.00046,-1.00E-04,2,1
7801,-0.00064,-0.00036,-5.00E-05,-8.00E-05,-0.00029,-0.00063,-0.00046,-1.00E-04,2,1
7802,-0.00064,-0.00036,-5.00E-05,-8.00E-05,-0.00029,-0.00063,-0.00046,-1.00E-04,2,1
7803,-0.00064,-0.00036,-5.00E-05,-8.00E-05,-0.00029,-0.00063,-0.00046,-1.00E-04,2,1
7804,-0.00064,-0.00036,-5.00E-05,-8.00E-05,-0.00029,-0.00063,-0.00046,-1.00E-04,2,1
7805,-0.00064,-0.00036,-5.00E-05,-8.00E-05,-0.00029,-0.00063,-0.00046,-1.00E-04,2,1
7806,-0.00064,-0.00036,-5.00E-05,-8.00E-05,-0.00029,-0.00063,-0.00046,-1.00E-04,2,1
7807,-0.00064,-0.00036,-5.00E-05,-8.00E-05,-0.00029,-0.00063,-0.00046,-1.00E-04,2,1
7808,-0.00064,-0.00036,-5.00E-05,-8.00E-05,-0.00029,-0.00063,-0.00046,-1.00E-04,2,1
7809,-0.00064,-0.00036,-5.00E-05,-8.00E-05,-0.00029,-0.00063,-0.00046,-1.00E-04,2,1
7810,-4.00E-05,-3.00E-05,-0.00011,-1.00E-04,-0.00021,-0.00014,-0.00022,-3.00E-05,2,1
7811,-4.00E-05,-3.00E-05,-0.00011,-1.00E-04,-0.00021,-0.00014,-0.00022,-3.00E-05,2,1
7812,-4.00E-05,-3.00E-05,-0.00011,-1.00E-04,-0.00021,-0.00014,-0.00022,-3.00E-05,2,1
7813,0.00019,7.00E-05,8.00E-05,0.00021,9.00E-05,-0.00011,-4.00E-05,-4.00E-05,2,1
7814,0.00019,7.00E-05,8.00E-05,0.00021,9.00E-05,-0.00011,-4.00E-05,-4.00E-05,2,1
7815,0.00019,7.00E-05,8.00E-05,0.00021,9.00E-05,-0.00011,-4.00E-05,-4.00E-05,2,1
7816,0.00019,7.00E-05,8.00E-05,0.00021,9.00E-05,-0.00011,-4.00E-05,-4.00E-05,2,1
7817,0.00019,7.00E-05,8.00E-05,0.00021,9.00E-05,-0.00011,-4.00E-05,-4.00E-05,2,1
7818,0.00019,7.00E-05,8.00E-05,0.00021,9.00E-05,-0.00011,-4.00E-05,-4.00E-05,2,1
7819,0.00019,7.00E-05,8.00E-05,0.00021,9.00E-05,-0.00011,-4.00E-05,-4.00E-05,2,1
7820,0.00019,7.00E-05,8.00E-05,0.00021,9.00E-05,-0.00011,-4.00E-05,-4.00E-05,2,1
7821,0.00019,7.00E-05,8.00E-05,0.00021,9.00E-05,-0.00011,-4.00E-05,-4.00E-05,2,1
7822,0.00019,7.00E-05,8.00E-05,0.00021,9.00E-05,-0.00011,-4.00E-05,-4.00E-05,2,1
7823,0.00019,7.00E-05,8.00E-05,0.00021,9.00E-05,-0.00011,-4.00E-05,-4.00E-05,2,1
7824,0.00019,7.00E-05,8.00E-05,0.00021,9.00E-05,-0.00011,-4.00E-05,-4.00E-05,2,1
7825,0.00019,7.00E-05,8.00E-05,0.00021,9.00E-05,-0.00011,-4.00E-05,-4.00E-05,2,1
7826,0.00019,7.00E-05,8.00E-05,0.00021,9.00E-05,-0.00011,-4.00E-05,-4.00E-05,2,1
7827,0.00019,7.00E-05,8.00E-05,0.00021,9.00E-05,-0.00011,-4.00E-05,-4.00E-05,2,1
7828,0.00019,7.00E-05,8.00E-05,0.00021,9.00E-05,-0.00011,-4.00E-05,-4.00E-05,2,1
7829,0.00019,7.00E-05,8.00E-05,0.00021,9.00E-05,-0.00011,-4.00E-05,-4.00E-05,2,1
7830,0.00019,7.00E-05,8.00E-05,0.00021,9.00E-05,-0.00011,-4.00E-05,-4.00E-05,2,1
7831,0.00019,7.00E-05,8.00E-05,0.00021,9.00E-05,-0.00011,-4.00E-05,-4.00E-05,2,1
7832,0.00041,7.00E-05,-9.00E-05,-0.00014,-7.00E-05,-3.00E-05,-6.00E-05,5.00E-05,2,1
7833,0.00041,7.00E-05,-9.00E-05,-0.00014,-7.00E-05,-3.00E-05,-6.00E-05,5.00E-05,2,1
7834,-1.00E-04,-2.00E-05,0.00042,0.00024,-4.00E-05,1.00E-05,0.00035,0.00013,2,1
7835,-1.00E-04,-2.00E-05,0.00042,0.00024,-4.00E-05,1.00E-05,0.00035,0.00013,2,1
7836,-1.00E-04,-2.00E-05,0.00042,0.00024,-4.00E-05,1.00E-05,0.00035,0.00013,2,1
7838,-1.00E-04,-2.00E-05,0.00042,0.00024,-4.00E-05,1.00E-05,0.00035,0.00013,2,1
7839,-1.00E-04,-2.00E-05,0.00042,0.00024,-4.00E-05,1.00E-05,0.00035,0.00013,2,1
7840,-1.00E-04,-2.00E-05,0.00042,0.00024,-4.00E-05,1.00E-05,0.00035,0.00013,2,1
7841,-1.00E-04,-2.00E-05,0.00042,0.00024,-4.00E-05,1.00E-05,0.00035,0.00013,2,1
7842,-1.00E-04,-2.00E-05,0.00042,0.00024,-4.00E-05,1.00E-05,0.00035,0.00013,2,1
7843,-1.00E-04,-2.00E-05,0.00042,0.00024,-4.00E-05,1.00E-05,0.00035,0.00013,2,1
7844,-1.00E-04,-2.00E-05,0.00042,0.00024,-4.00E-05,1.00E-05,0.00035,0.00013,2,1
7845,-1.00E-04,-2.00E-05,0.00042,0.00024,-4.00E-05,1.00E-05,0.00035,0.00013,2,1
7846,-1.00E-04,-2.00E-05,0.00042,0.00024,-4.00E-05,1.00E-05,0.00035,0.00013,2,1
7847,-1.00E-04,-2.00E-05,0.00042,0.00024,-4.00E-05,1.00E-05,0.00035,0.00013,2,1
7848,-1.00E-04,-2.00E-05,0.00042,0.00024,-4.00E-05,1.00E-05,0.00035,0.00013,2,1
7849,-1.00E-04,-2.00E-05,0.00042,0.00024,-4.00E-05,1.00E-05,0.00035,0.00013,2,1
7850,-1.00E-04,-2.00E-05,0.00042,0.00024,-4.00E-05,1.00E-05,0.00035,0.00013,2,1
7851,-1.00E-04,-2.00E-05,0.00042,0.00024,-4.00E-05,1.00E-05,0.00035,0.00013,2,1
7852,-1.00E-04,-2.00E-05,0.00042,0.00024,-4.00E-05,1.00E-05,0.00035,0.00013,2,1
7853,-1.00E-04,-2.00E-05,0.00042,0.00024,-4.00E-05,1.00E-05,0.00035,0.00013,2,1
7854,-1.00E-04,-2.00E-05,0.00042,0.00024,-4.00E-05,1.00E-05,0.00035,0.00013,2,1
7855,3.00E-05,-5.00E-05,-0.00021,-9.00E-05,-5.00E-05,-4.00E-05,-4.00E-05,-4.00E-05,2,1
7856,0.00057,0.00027,0.00022,-1.00E-05,-0.00015,0,0.00024,9.00E-05,2,1
7857,0.00057,0.00027,0.00022,-1.00E-05,-0.00015,0,0.00024,9.00E-05,2,1
7858,0.00057,0.00027,0.00022,-1.00E-05,-0.00015,0,0.00024,9.00E-05,2,1
7859,0.00057,0.00027,0.00022,-1.00E-05,-0.00015,0,0.00024,9.00E-05,2,1
7860,0.00057,0.00027,0.00022,-1.00E-05,-0.00015,0,0.00024,9.00E-05,2,1
7861,0.00057,0.00027,0.00022,-1.00E-05,-0.00015,0,0.00024,9.00E-05,2,1
7862,0.00057,0.00027,0.00022,-1.00E-05,-0.00015,0,0.00024,9.00E-05,2,1
7863,0.00057,0.00027,0.00022,-1.00E-05,-0.00015,0,0.00024,9.00E-05,2,1
7864,0.00057,0.00027,0.00022,-1.00E-05,-0.00015,0,0.00024,9.00E-05,2,1
7865,0.00057,0.00027,0.00022,-1.00E-05,-0.00015,0,0.00024,9.00E-05,2,1
7866,0.00057,0.00027,0.00022,-1.00E-05,-0.00015,0,0.00024,9.00E-05,2,1
7867,0.00057,0.00027,0.00022,-1.00E-05,-0.00015,0,0.00024,9.00E-05,2,1
7868,0.00057,0.00027,0.00022,-1.00E-05,-0.00015,0,0.00024,9.00E-05,2,1
7869,0.00057,0.00027,0.00022,-1.00E-05,-0.00015,0,0.00024,9.00E-05,2,1
7870,0.00057,0.00027,0.00022,-1.00E-05,-0.00015,0,0.00024,9.00E-05,2,1
7871,0.00057,0.00027,0.00022,-1.00E-05,-0.00015,0,0.00024,9.00E-05,2,1
7872,0.00057,0.00027,0.00022,-1.00E-05,-0.00015,0,0.00024,9.00E-05,2,1
7873,0.00057,0.00027,0.00022,-1.00E-05,-0.00015,0,0.00024,9.00E-05,2,1
7874,0.00057,0.00027,0.00022,-1.00E-05,-0.00015,0,0.00024,9.00E-05,2,1
7875,0.00057,0.00027,0.00022,-1.00E-05,-0.00015,0,0.00024,9.00E-05,2,1
7876,0.00057,0.00027,0.00022,-1.00E-05,-0.00015,0,0.00024,9.00E-05,2,1
7877,0.00057,0.00027,0.00022,-1.00E-05,-0.00015,0,0.00024,9.00E-05,2,1
7878,0.00057,0.00027,0.00022,-1.00E-05,-0.00015,0,0.00024,9.00E-05,2,1
7879,0.00057,0.00027,0.00022,-1.00E-05,-0.00015,0,0.00024,9.00E-05,2,1
7880,0.00057,0.00027,0.00022,-1.00E-05,-0.00015,0,0.00024,9.00E-05,2,1
7881,0.00057,0.00027,0.00022,-1.00E-05,-0.00015,0,0.00024,9.00E-05,2,1
7882,0.00057,0.00027,0.00022,-1.00E-05,-0.00015,0,0.00024,9.00E-05,2,1
7883,0.00057,0.00027,0.00022,-1.00E-05,-0.00015,0,0.00024,9.00E-05,2,1
7884,0.00057,0.00027,0.00022,-1.00E-05,-0.00015,0,0.00024,9.00E-05,2,1
7885,-3.00E-04,-0.00014,6.00E-05,-9.00E-05,-0.00017,-0.00011,6.00E-05,8.00E-05,2,1
7886,0.00085,0.00025,-9.00E-05,0.00023,0.00042,0.00015,-4.00E-05,0.00021,2,1
7888,4.00E-04,0.00012,-0.00023,-0.00029,-0.00022,-9.00E-05,-0.00026,-2.00E-05,2,1
7889,4.00E-04,0.00012,-0.00023,-0.00029,-0.00022,-9.00E-05,-0.00026,-2.00E-05,2,1
7890,4.00E-04,0.00012,-0.00023,-0.00029,-0.00022,-9.00E-05,-0.00026,-2.00E-05,2,1
7891,4.00E-04,0.00012,-0.00023,-0.00029,-0.00022,-9.00E-05,-0.00026,-2.00E-05,2,1
7892,4.00E-04,0.00012,-0.00023,-0.00029,-0.00022,-9.00E-05,-0.00026,-2.00E-05,2,1
7893,4.00E-04,0.00012,-0.00023,-0.00029,-0.00022,-9.00E-05,-0.00026,-2.00E-05,2,1
7894,4.00E-04,0.00012,-0.00023,-0.00029,-0.00022,-9.00E-05,-0.00026,-2.00E-05,2,1
7895,4.00E-04,0.00012,-0.00023,-0.00029,-0.00022,-9.00E-05,-0.00026,-2.00E-05,2,1
7896,4.00E-04,0.00012,-0.00023,-0.00029,-0.00022,-9.00E-05,-0.00026,-2.00E-05,2,1
7897,4.00E-04,0.00012,-0.00023,-0.00029,-0.00022,-9.00E-05,-0.00026,-2.00E-05,2,1
7898,4.00E-04,0.00012,-0.00023,-0.00029,-0.00022,-9.00E-05,-0.00026,-2.00E-05,2,1
7899,4.00E-04,0.00012,-0.00023,-0.00029,-0.00022,-9.00E-05,-0.00026,-2.00E-05,2,1
7900,4.00E-04,0.00012,-0.00023,-0.00029,-0.00022,-9.00E-05,-0.00026,-2.00E-05,2,1
7901,4.00E-04,0.00012,-0.00023,-0.00029,-0.00022,-9.00E-05,-0.00026,-2.00E-05,2,1
7902,4.00E-04,0.00012,-0.00023,-0.00029,-0.00022,-9.00E-05,-0.00026,-2.00E-05,2,1
7903,4.00E-04,0.00012,-0.00023,-0.00029,-0.00022,-9.00E-05,-0.00026,-2.00E-05,2,1
7904,4.00E-04,0.00012,-0.00023,-0.00029,-0.00022,-9.00E-05,-0.00026,-2.00E-05,2,1
7905,4.00E-04,0.00012,-0.00023,-0.00029,-0.00022,-9.00E-05,-0.00026,-2.00E-05,2,1
7906,4.00E-04,0.00012,-0.00023,-0.00029,-0.00022,-9.00E-05,-0.00026,-2.00E-05,2,1
7907,4.00E-04,0.00012,-0.00023,-0.00029,-0.00022,-9.00E-05,-0.00026,-2.00E-05,2,1
7908,0.00027,0.00017,0.00018,0.00016,0.00028,0.00064,0.00037,0.00026,2,1
7909,0.00027,0.00017,0.00018,0.00016,0.00028,0.00064,0.00037,0.00026,2,1
7910,0.00012,-1.00E-05,-2.00E-04,-8.00E-05,0.00013,0.00012,1.00E-04,2.00E-05,2,1
7911,0.00012,-1.00E-05,-2.00E-04,-8.00E-05,0.00013,0.00012,1.00E-04,2.00E-05,2,1
7912,0.00012,-1.00E-05,-2.00E-04,-8.00E-05,0.00013,0.00012,1.00E-04,2.00E-05,2,1
7913,0.00012,-1.00E-05,-2.00E-04,-8.00E-05,0.00013,0.00012,1.00E-04,2.00E-05,2,1
7914,0.00012,-1.00E-05,-2.00E-04,-8.00E-05,0.00013,0.00012,1.00E-04,2.00E-05,2,1
7915,0.00012,-1.00E-05,-2.00E-04,-8.00E-05,0.00013,0.00012,1.00E-04,2.00E-05,2,1
7916,0.00012,-1.00E-05,-2.00E-04,-8.00E-05,0.00013,0.00012,1.00E-04,2.00E-05,2,1
7917,0.00012,-1.00E-05,-2.00E-04,-8.00E-05,0.00013,0.00012,1.00E-04,2.00E-05,2,1
7918,0.00012,-1.00E-05,-2.00E-04,-8.00E-05,0.00013,0.00012,1.00E-04,2.00E-05,2,1
7919,0.00012,-1.00E-05,-2.00E-04,-8.00E-05,0.00013,0.00012,1.00E-04,2.00E-05,2,1
7920,0.00012,-1.00E-05,-2.00E-04,-8.00E-05,0.00013,0.00012,1.00E-04,2.00E-05,2,1
7921,0.00012,-1.00E-05,-2.00E-04,-8.00E-05,0.00013,0.00012,1.00E-04,2.00E-05,2,1
7922,0.00012,-1.00E-05,-2.00E-04,-8.00E-05,0.00013,0.00012,1.00E-04,2.00E-05,2,1
7923,0.00012,-1.00E-05,-2.00E-04,-8.00E-05,0.00013,0.00012,1.00E-04,2.00E-05,2,1
7924,0.00012,-1.00E-05,-2.00E-04,-8.00E-05,0.00013,0.00012,1.00E-04,2.00E-05,2,1
7925,0.00012,-1.00E-05,-2.00E-04,-8.00E-05,0.00013,0.00012,1.00E-04,2.00E-05,2,1
7926,0.00012,-1.00E-05,-2.00E-04,-8.00E-05,0.00013,0.00012,1.00E-04,2.00E-05,2,1
7927,0.00012,-1.00E-05,-2.00E-04,-8.00E-05,0.00013,0.00012,1.00E-04,2.00E-05,2,1
7928,0.00012,-1.00E-05,-2.00E-04,-8.00E-05,0.00013,0.00012,1.00E-04,2.00E-05,2,1
7929,0.00012,-1.00E-05,-2.00E-04,-8.00E-05,0.00013,0.00012,1.00E-04,2.00E-05,2,1
7930,0.00012,-1.00E-05,-2.00E-04,-8.00E-05,0.00013,0.00012,1.00E-04,2.00E-05,2,1
